"Longitude (x)","Latitude (y)","Station Name","Climate ID","Date/Time","Year","Month","Day","Data Quality","Max Temp (°C)","Max Temp Flag","Min Temp (°C)","Min Temp Flag","Mean Temp (°C)","Mean Temp Flag","Heat Deg Days (°C)","Heat Deg Days Flag","Cool Deg Days (°C)","Cool Deg Days Flag","Total Rain (mm)","Total Rain Flag","Total Snow (cm)","Total Snow Flag","Total Precip (mm)","Total Precip Flag","Snow on Grnd (cm)","Snow on Grnd Flag","Dir of Max Gust (10s deg)","Dir of Max Gust Flag","Spd of Max Gust (km/h)","Spd of Max Gust Flag"
"-114.00","51.11","CALGARY INT'L CS","3031094","2021-01-01","2021","01","01","","3.2","","-5.0","","-0.9","","18.9","","0.0","","","","","","0.0","","8","","29","","44",""
"-114.00","51.11","CALGARY INT'L CS","3031094","2021-01-02","2021","01","02","","7.4","","-7.6","","-0.1","","18.1","","0.0","","","","","","0.4","","8","","25","","72",""
"-114.00","51.11","CALGARY INT'L CS","3031094","2021-01-03","2021","01","03","","4.8","","-6.5","","-0.9","","18.9","","0.0","","","","","","0.0","","6","","25","","61",""
"-114.00","51.11","CALGARY INT'L CS","3031094","2021-01-04","2021","01","04","","2.1","","-7.5","","-2.7","","20.7","","0.0","","","","","","0.0","","5","","28","","39",""
"-114.00","51.11","CALGARY INT'L CS","3031094","2021-01-05","2021","01","05","","4.9","","-5.5","","-0.3","","18.3","","0.0","","","","","","0.0","","5","","35","","47",""
"-114.00","51.11","CALGARY INT'L CS","3031094","2021-01-06","2021","01","06","","3.2","","-7.6","","-2.2","","20.2","","0.0","","","","","","0.0","","5","","","","",""
"-114.00","51.11","CALGARY INT'L CS","3031094","2021-01-07","2021","01","07","","3.7","","-10.1","","-3.2","","21.2","","0.0","","","","","","0.0","","5","","","","",""
"-114.00","51.11","CALGARY INT'L CS","3031094","2021-01-08","2021","01","08","","-1.0","","-16.4","","-8.7","","26.7","","0.0","","","","","","0.0","","5","","","","",""
"-114.00","51.11","CALGARY INT'L CS","3031094","2021-01-09","2021","01","09","","-0.6","","-14.4","","-7.5","","25.5","","0.0","","","","","","0.0","","5","","","","",""
"-114.00","51.11","CALGARY INT'L CS","3031094","2021-01-10","2021","01","10","","6.7","","-15.2","","-4.2","","22.2","","0.0","","","","","","0.0","","5","","28","","62",""
"-114.00","51.11","CALGARY INT'L CS","3031094","2021-01-11","2021","01","11","","7.7","","-2.6","","2.5","","15.5","","0.0","","","","","","0.0","","5","","26","","64",""
"-114.00","51.11","CALGARY INT'L CS","3031094","2021-01-12","2021","01","12","","7.5","","-2.5","","2.5","","15.5","","0.0","","","","","","0.0","","5","","27","","66",""
"-114.00","51.11","CALGARY INT'L CS","3031094","2021-01-13","2021","01","13","","6.9","","-2.7","","2.1","","15.9","","0.0","","","","","","0.0","","5","","34","","83",""
"-114.00","51.11","CALGARY INT'L CS","3031094","2021-01-14","2021","01","14","","1.4","","-7.3","","-3.0","","21.0","","0.0","","","","","","0.0","","5","","28","","39",""
"-114.00","51.11","CALGARY INT'L CS","3031094","2021-01-15","2021","01","15","","7.5","","-7.0","","0.3","","17.7","","0.0","","","","","","0.0","","5","","28","","49",""
"-114.00","51.11","CALGARY INT'L CS","3031094","2021-01-16","2021","01","16","","4.6","","-1.7","","1.5","","16.5","","0.0","","","","","","0.0","","4","","28","","44",""
"-114.00","51.11","CALGARY INT'L CS","3031094","2021-01-17","2021","01","17","","6.3","","-3.5","","1.4","","16.6","","0.0","","","","","","0.0","","4","","29","","49",""
"-114.00","51.11","CALGARY INT'L CS","3031094","2021-01-18","2021","01","18","","2.3","","-8.3","","-3.0","","21.0","","0.0","","","","","","0.0","","3","","33","","49",""
"-114.00","51.11","CALGARY INT'L CS","3031094","2021-01-19","2021","01","19","","9.4","","-12.6","","-1.6","","19.6","","0.0","","","","","","0.0","","3","","31","","74",""
"-114.00","51.11","CALGARY INT'L CS","3031094","2021-01-20","2021","01","20","","3.9","","-11.2","","-3.7","","21.7","","0.0","","","","","","0.0","","1","","30","","42",""
"-114.00","51.11","CALGARY INT'L CS","3031094","2021-01-21","2021","01","21","","-2.0","","-12.0","","-7.0","","25.0","","0.0","","","","","","0.0","","2","","","","",""
"-114.00","51.11","CALGARY INT'L CS","3031094","2021-01-22","2021","01","22","","-3.6","","-13.5","","-8.5","","26.5","","0.0","","","","","","0.0","","2","","36","","32",""
"-114.00","51.11","CALGARY INT'L CS","3031094","2021-01-23","2021","01","23","","-2.4","","-15.9","","-9.2","","27.2","","0.0","","","","","","0.0","","1","","5","","32",""
"-114.00","51.11","CALGARY INT'L CS","3031094","2021-01-24","2021","01","24","","-13.2","","-16.5","","-14.9","","32.9","","0.0","","","","","","","M","1","","","","",""
"-114.00","51.11","CALGARY INT'L CS","3031094","2021-01-25","2021","01","25","","-14.2","","-17.8","","-16.0","","34.0","","0.0","","","","","","0.0","","1","","","","",""
"-114.00","51.11","CALGARY INT'L CS","3031094","2021-01-26","2021","01","26","","-12.9","","-17.5","","-15.2","","33.2","","0.0","","","","","","0.0","","1","","","","",""
"-114.00","51.11","CALGARY INT'L CS","3031094","2021-01-27","2021","01","27","","-11.9","","-14.5","","-13.2","","31.2","","0.0","","","","","","0.3","","1","","","","",""
"-114.00","51.11","CALGARY INT'L CS","3031094","2021-01-28","2021","01","28","","-13.5","","-15.9","","-14.7","","32.7","","0.0","","","","","","0.0","","1","","","","",""
"-114.00","51.11","CALGARY INT'L CS","3031094","2021-01-29","2021","01","29","","-6.3","","-16.7","","-11.5","","29.5","","0.0","","","","","","0.0","","","","","","",""
"-114.00","51.11","CALGARY INT'L CS","3031094","2021-01-30","2021","01","30","","0.5","","-19.2","","-9.4","","27.4","","0.0","","","","","","0.0","","","","","","",""
"-114.00","51.11","CALGARY INT'L CS","3031094","2021-01-31","2021","01","31","","4.8","","-13.1","","-4.1","","22.1","","0.0","","","","","","0.0","","2","","18","","32",""
"-114.00","51.11","CALGARY INT'L CS","3031094","2021-02-01","2021","02","01","","9.7","","-10.4","","-0.4","","18.4","","0.0","","","","","","0.0","","1","","","","",""
"-114.00","51.11","CALGARY INT'L CS","3031094","2021-02-02","2021","02","02","","-8.3","","-13.6","","-10.9","","28.9","","0.0","","","","","","2.9","","0","","35","","36",""
"-114.00","51.11","CALGARY INT'L CS","3031094","2021-02-03","2021","02","03","","-12.0","","-20.3","","-16.2","","34.2","","0.0","","","","","","3.7","","7","","","","",""
"-114.00","51.11","CALGARY INT'L CS","3031094","2021-02-04","2021","02","04","","-0.9","","-21.8","","-11.4","","29.4","","0.0","","","","","","0.0","","7","","1","","40",""
"-114.00","51.11","CALGARY INT'L CS","3031094","2021-02-05","2021","02","05","","-6.3","","-22.0","","-14.2","","32.2","","0.0","","","","","","2.0","","10","","5","","44",""
"-114.00","51.11","CALGARY INT'L CS","3031094","2021-02-06","2021","02","06","","-20.1","","-24.3","","-22.2","","40.2","","0.0","","","","","","2.3","","11","","","","",""
"-114.00","51.11","CALGARY INT'L CS","3031094","2021-02-07","2021","02","07","","-23.8","","-30.7","","-27.2","","45.2","","0.0","","","","","","0.1","","12","","","","",""
"-114.00","51.11","CALGARY INT'L CS","3031094","2021-02-08","2021","02","08","","-24.0","","-31.8","","-27.9","","45.9","","0.0","","","","","","0.0","","12","","35","","33",""
"-114.00","51.11","CALGARY INT'L CS","3031094","2021-02-09","2021","02","09","","-24.7","","-31.4","","-28.0","","46.0","","0.0","","","","","","0.0","","12","","","","",""
"-114.00","51.11","CALGARY INT'L CS","3031094","2021-02-10","2021","02","10","","-26.3","","-32.1","","-29.2","","47.2","","0.0","","","","","","0.0","","11","","","","",""
"-114.00","51.11","CALGARY INT'L CS","3031094","2021-02-11","2021","02","11","","-25.6","","-33.4","","-29.5","","47.5","","0.0","","","","","","0.0","","12","","35","","36",""
"-114.00","51.11","CALGARY INT'L CS","3031094","2021-02-12","2021","02","12","","-17.9","","-29.8","","-23.8","","41.8","","0.0","","","","","","0.0","","11","","35","","34",""
"-114.00","51.11","CALGARY INT'L CS","3031094","2021-02-13","2021","02","13","","-18.9","","-27.2","","-23.0","","41.0","","0.0","","","","","","0.0","","11","","","","",""
"-114.00","51.11","CALGARY INT'L CS","3031094","2021-02-14","2021","02","14","","-21.4","","-28.3","","-24.8","","42.8","","0.0","","","","","","0.0","","11","","17","","43",""
"-114.00","51.11","CALGARY INT'L CS","3031094","2021-02-15","2021","02","15","","-15.0","","-25.4","","-20.2","","38.2","","0.0","","","","","","0.0","","8","","","","",""
"-114.00","51.11","CALGARY INT'L CS","3031094","2021-02-16","2021","02","16","","-3.9","","-23.9","","-13.9","","31.9","","0.0","","","","","","1.3","","8","","","","",""
"-114.00","51.11","CALGARY INT'L CS","3031094","2021-02-17","2021","02","17","","-6.5","","-13.7","","-10.1","","28.1","","0.0","","","","","","0.1","","12","","34","","41",""
"-114.00","51.11","CALGARY INT'L CS","3031094","2021-02-18","2021","02","18","","-3.5","","-17.8","","-10.6","","28.6","","0.0","","","","","","0.0","","10","","","","",""
"-114.00","51.11","CALGARY INT'L CS","3031094","2021-02-19","2021","02","19","","2.6","","-5.9","","-1.7","","19.7","","0.0","","","","","","0.0","","11","","29","","54",""
"-114.00","51.11","CALGARY INT'L CS","3031094","2021-02-20","2021","02","20","","2.2","","-6.9","","-2.3","","20.3","","0.0","","","","","","0.0","","11","","29","","59",""
"-114.00","51.11","CALGARY INT'L CS","3031094","2021-02-21","2021","02","21","","8.3","","-2.6","","2.8","","15.2","","0.0","","","","","","0.0","","10","","26","","71",""
"-114.00","51.11","CALGARY INT'L CS","3031094","2021-02-22","2021","02","22","","7.3","","-1.4","","3.0","","15.0","","0.0","","","","","","1.6","","10","","26","","63",""
"-114.00","51.11","CALGARY INT'L CS","3031094","2021-02-23","2021","02","23","","1.4","","-6.6","","-2.6","","20.6","","0.0","","","","","","0.7","","10","","33","","45",""
"-114.00","51.11","CALGARY INT'L CS","3031094","2021-02-24","2021","02","24","","0.9","","-11.3","","-5.2","","23.2","","0.0","","","","","","0.0","","8","","28","","48",""
"-114.00","51.11","CALGARY INT'L CS","3031094","2021-02-25","2021","02","25","","3.3","","-4.1","","-0.4","","18.4","","0.0","","","","","","0.0","","8","","27","","66",""
"-114.00","51.11","CALGARY INT'L CS","3031094","2021-02-26","2021","02","26","","0.1","","-13.5","","-6.7","","24.7","","0.0","","","","","","1.8","","7","","1","","43",""
"-114.00","51.11","CALGARY INT'L CS","3031094","2021-02-27","2021","02","27","","-6.0","","-15.9","","-10.9","","28.9","","0.0","","","","","","0.0","","9","","","","",""
"-114.00","51.11","CALGARY INT'L CS","3031094","2021-02-28","2021","02","28","","6.0","","-7.9","","-0.9","","18.9","","0.0","","","","","","0.0","","7","","27","","51",""
"-114.00","51.11","CALGARY INT'L CS","3031094","2021-03-01","2021","03","01","","9.2","","0.4","","4.8","","13.2","","0.0","","","","","","0.0","","6","","27","","57",""
"-114.00","51.11","CALGARY INT'L CS","3031094","2021-03-02","2021","03","02","","6.2","","-6.3","","-0.1","","18.1","","0.0","","","","","","0.0","","2","","","","",""
"-114.00","51.11","CALGARY INT'L CS","3031094","2021-03-03","2021","03","03","","9.0","","-4.9","","2.0","","16.0","","0.0","","","","","","0.0","","0","","","","",""
"-114.00","51.11","CALGARY INT'L CS","3031094","2021-03-04","2021","03","04","","11.0","","-7.4","","1.8","","16.2","","0.0","","","","","","0.0","","","","","","",""
"-114.00","51.11","CALGARY INT'L CS","3031094","2021-03-05","2021","03","05","","12.8","","-3.5","","4.6","","13.4","","0.0","","","","","","0.0","","0","","17","","45",""
"-114.00","51.11","CALGARY INT'L CS","3031094","2021-03-06","2021","03","06","","5.8","","-3.8","","1.0","","17.0","","0.0","","","","","","0.0","","0","","35","","51",""
"-114.00","51.11","CALGARY INT'L CS","3031094","2021-03-07","2021","03","07","","7.9","","-6.6","","0.6","","17.4","","0.0","","","","","","0.0","","","","28","","36",""
"-114.00","51.11","CALGARY INT'L CS","3031094","2021-03-08","2021","03","08","","5.2","","-4.9","","0.2","","17.8","","0.0","","","","","","0.0","","0","","29","","34",""
"-114.00","51.11","CALGARY INT'L CS","3031094","2021-03-09","2021","03","09","","6.0","","-6.2","","-0.1","","18.1","","0.0","","","","","","0.0","","1","","","","",""
"-114.00","51.11","CALGARY INT'L CS","3031094","2021-03-10","2021","03","10","","-1.1","","-11.3","","-6.2","","24.2","","0.0","","","","","","0.0","","","","36","","59",""
"-114.00","51.11","CALGARY INT'L CS","3031094","2021-03-11","2021","03","11","","4.9","","-13.3","","-4.2","","22.2","","0.0","","","","","","0.0","","0","","","","",""
"-114.00","51.11","CALGARY INT'L CS","3031094","2021-03-12","2021","03","12","","13.9","","-3.1","","5.4","","12.6","","0.0","","","","","","0.0","","0","","26","","31",""
"-114.00","51.11","CALGARY INT'L CS","3031094","2021-03-13","2021","03","13","","14.2","","-3.3","","5.5","","12.5","","0.0","","","","","","0.0","","","","16","","44",""
"-114.00","51.11","CALGARY INT'L CS","3031094","2021-03-14","2021","03","14","","18.6","","-2.0","","8.3","","9.7","","0.0","","","","","","0.0","","0","","20","","33",""
"-114.00","51.11","CALGARY INT'L CS","3031094","2021-03-15","2021","03","15","","7.0","","-3.3","","1.9","","16.1","","0.0","","","","","","0.0","","0","","36","","63",""
"-114.00","51.11","CALGARY INT'L CS","3031094","2021-03-16","2021","03","16","","8.8","","-6.6","","1.1","","16.9","","0.0","","","","","","0.0","","0","","2","","32",""
"-114.00","51.11","CALGARY INT'L CS","3031094","2021-03-17","2021","03","17","","","","","","","","","","","","","","","","","","","","","","",""
"-114.00","51.11","CALGARY INT'L CS","3031094","2021-03-18","2021","03","18","","","","","","","","","","","","","","","","","","","","","","",""
"-114.00","51.11","CALGARY INT'L CS","3031094","2021-03-19","2021","03","19","","","","","","","","","","","","","","","","","","","","","","",""
"-114.00","51.11","CALGARY INT'L CS","3031094","2021-03-20","2021","03","20","","","","","","","","","","","","","","","","","","","","","","",""
"-114.00","51.11","CALGARY INT'L CS","3031094","2021-03-21","2021","03","21","","","","","","","","","","","","","","","","","","","","","","",""
"-114.00","51.11","CALGARY INT'L CS","3031094","2021-03-22","2021","03","22","","","","","","","","","","","","","","","","","","","","","","",""
"-114.00","51.11","CALGARY INT'L CS","3031094","2021-03-23","2021","03","23","","","","","","","","","","","","","","","","","","","","","","",""
"-114.00","51.11","CALGARY INT'L CS","3031094","2021-03-24","2021","03","24","","","","","","","","","","","","","","","","","","","","","","",""
"-114.00","51.11","CALGARY INT'L CS","3031094","2021-03-25","2021","03","25","","","","","","","","","","","","","","","","","","","","","","",""
"-114.00","51.11","CALGARY INT'L CS","3031094","2021-03-26","2021","03","26","","","","","","","","","","","","","","","","","","","","","","",""
"-114.00","51.11","CALGARY INT'L CS","3031094","2021-03-27","2021","03","27","","","","","","","","","","","","","","","","","","","","","","",""
"-114.00","51.11","CALGARY INT'L CS","3031094","2021-03-28","2021","03","28","","","","","","","","","","","","","","","","","","","","","","",""
"-114.00","51.11","CALGARY INT'L CS","3031094","2021-03-29","2021","03","29","","","","","","","","","","","","","","","","","","","","","","",""
"-114.00","51.11","CALGARY INT'L CS","3031094","2021-03-30","2021","03","30","","","","","","","","","","","","","","","","","","","","","","",""
"-114.00","51.11","CALGARY INT'L CS","3031094","2021-03-31","2021","03","31","","","","","","","","","","","","","","","","","","","","","","",""
"-114.00","51.11","CALGARY INT'L CS","3031094","2021-04-01","2021","04","01","","","","","","","","","","","","","","","","","","","","","","",""
"-114.00","51.11","CALGARY INT'L CS","3031094","2021-04-02","2021","04","02","","","","","","","","","","","","","","","","","","","","","","",""
"-114.00","51.11","CALGARY INT'L CS","3031094","2021-04-03","2021","04","03","","","","","","","","","","","","","","","","","","","","","","",""
"-114.00","51.11","CALGARY INT'L CS","3031094","2021-04-04","2021","04","04","","","","","","","","","","","","","","","","","","","","","","",""
"-114.00","51.11","CALGARY INT'L CS","3031094","2021-04-05","2021","04","05","","","","","","","","","","","","","","","","","","","","","","",""
"-114.00","51.11","CALGARY INT'L CS","3031094","2021-04-06","2021","04","06","","","","","","","","","","","","","","","","","","","","","","",""
"-114.00","51.11","CALGARY INT'L CS","3031094","2021-04-07","2021","04","07","","","","","","","","","","","","","","","","","","","","","","",""
"-114.00","51.11","CALGARY INT'L CS","3031094","2021-04-08","2021","04","08","","","","","","","","","","","","","","","","","","","","","","",""
"-114.00","51.11","CALGARY INT'L CS","3031094","2021-04-09","2021","04","09","","","","","","","","","","","","","","","","","","","","","","",""
"-114.00","51.11","CALGARY INT'L CS","3031094","2021-04-10","2021","04","10","","","","","","","","","","","","","","","","","","","","","","",""
"-114.00","51.11","CALGARY INT'L CS","3031094","2021-04-11","2021","04","11","","","","","","","","","","","","","","","","","","","","","","",""
"-114.00","51.11","CALGARY INT'L CS","3031094","2021-04-12","2021","04","12","","","","","","","","","","","","","","","","","","","","","","",""
"-114.00","51.11","CALGARY INT'L CS","3031094","2021-04-13","2021","04","13","","","","","","","","","","","","","","","","","","","","","","",""
"-114.00","51.11","CALGARY INT'L CS","3031094","2021-04-14","2021","04","14","","","","","","","","","","","","","","","","","","","","","","",""
"-114.00","51.11","CALGARY INT'L CS","3031094","2021-04-15","2021","04","15","","","","","","","","","","","","","","","","","","","","","","",""
"-114.00","51.11","CALGARY INT'L CS","3031094","2021-04-16","2021","04","16","","","","","","","","","","","","","","","","","","","","","","",""
"-114.00","51.11","CALGARY INT'L CS","3031094","2021-04-17","2021","04","17","","","","","","","","","","","","","","","","","","","","","","",""
"-114.00","51.11","CALGARY INT'L CS","3031094","2021-04-18","2021","04","18","","","","","","","","","","","","","","","","","","","","","","",""
"-114.00","51.11","CALGARY INT'L CS","3031094","2021-04-19","2021","04","19","","","","","","","","","","","","","","","","","","","","","","",""
"-114.00","51.11","CALGARY INT'L CS","3031094","2021-04-20","2021","04","20","","","","","","","","","","","","","","","","","","","","","","",""
"-114.00","51.11","CALGARY INT'L CS","3031094","2021-04-21","2021","04","21","","","","","","","","","","","","","","","","","","","","","","",""
"-114.00","51.11","CALGARY INT'L CS","3031094","2021-04-22","2021","04","22","","","","","","","","","","","","","","","","","","","","","","",""
"-114.00","51.11","CALGARY INT'L CS","3031094","2021-04-23","2021","04","23","","","","","","","","","","","","","","","","","","","","","","",""
"-114.00","51.11","CALGARY INT'L CS","3031094","2021-04-24","2021","04","24","","","","","","","","","","","","","","","","","","","","","","",""
"-114.00","51.11","CALGARY INT'L CS","3031094","2021-04-25","2021","04","25","","","","","","","","","","","","","","","","","","","","","","",""
"-114.00","51.11","CALGARY INT'L CS","3031094","2021-04-26","2021","04","26","","","","","","","","","","","","","","","","","","","","","","",""
"-114.00","51.11","CALGARY INT'L CS","3031094","2021-04-27","2021","04","27","","","","","","","","","","","","","","","","","","","","","","",""
"-114.00","51.11","CALGARY INT'L CS","3031094","2021-04-28","2021","04","28","","","","","","","","","","","","","","","","","","","","","","",""
"-114.00","51.11","CALGARY INT'L CS","3031094","2021-04-29","2021","04","29","","","","","","","","","","","","","","","","","","","","","","",""
"-114.00","51.11","CALGARY INT'L CS","3031094","2021-04-30","2021","04","30","","","","","","","","","","","","","","","","","","","","","","",""
"-114.00","51.11","CALGARY INT'L CS","3031094","2021-05-01","2021","05","01","","","","","","","","","","","","","","","","","","","","","","",""
"-114.00","51.11","CALGARY INT'L CS","3031094","2021-05-02","2021","05","02","","","","","","","","","","","","","","","","","","","","","","",""
"-114.00","51.11","CALGARY INT'L CS","3031094","2021-05-03","2021","05","03","","","","","","","","","","","","","","","","","","","","","","",""
"-114.00","51.11","CALGARY INT'L CS","3031094","2021-05-04","2021","05","04","","","","","","","","","","","","","","","","","","","","","","",""
"-114.00","51.11","CALGARY INT'L CS","3031094","2021-05-05","2021","05","05","","","","","","","","","","","","","","","","","","","","","","",""
"-114.00","51.11","CALGARY INT'L CS","3031094","2021-05-06","2021","05","06","","","","","","","","","","","","","","","","","","","","","","",""
"-114.00","51.11","CALGARY INT'L CS","3031094","2021-05-07","2021","05","07","","","","","","","","","","","","","","","","","","","","","","",""
"-114.00","51.11","CALGARY INT'L CS","3031094","2021-05-08","2021","05","08","","","","","","","","","","","","","","","","","","","","","","",""
"-114.00","51.11","CALGARY INT'L CS","3031094","2021-05-09","2021","05","09","","","","","","","","","","","","","","","","","","","","","","",""
"-114.00","51.11","CALGARY INT'L CS","3031094","2021-05-10","2021","05","10","","","","","","","","","","","","","","","","","","","","","","",""
"-114.00","51.11","CALGARY INT'L CS","3031094","2021-05-11","2021","05","11","","","","","","","","","","","","","","","","","","","","","","",""
"-114.00","51.11","CALGARY INT'L CS","3031094","2021-05-12","2021","05","12","","","","","","","","","","","","","","","","","","","","","","",""
"-114.00","51.11","CALGARY INT'L CS","3031094","2021-05-13","2021","05","13","","","","","","","","","","","","","","","","","","","","","","",""
"-114.00","51.11","CALGARY INT'L CS","3031094","2021-05-14","2021","05","14","","","","","","","","","","","","","","","","","","","","","","",""
"-114.00","51.11","CALGARY INT'L CS","3031094","2021-05-15","2021","05","15","","","","","","","","","","","","","","","","","","","","","","",""
"-114.00","51.11","CALGARY INT'L CS","3031094","2021-05-16","2021","05","16","","","","","","","","","","","","","","","","","","","","","","",""
"-114.00","51.11","CALGARY INT'L CS","3031094","2021-05-17","2021","05","17","","","","","","","","","","","","","","","","","","","","","","",""
"-114.00","51.11","CALGARY INT'L CS","3031094","2021-05-18","2021","05","18","","","","","","","","","","","","","","","","","","","","","","",""
"-114.00","51.11","CALGARY INT'L CS","3031094","2021-05-19","2021","05","19","","","","","","","","","","","","","","","","","","","","","","",""
"-114.00","51.11","CALGARY INT'L CS","3031094","2021-05-20","2021","05","20","","","","","","","","","","","","","","","","","","","","","","",""
"-114.00","51.11","CALGARY INT'L CS","3031094","2021-05-21","2021","05","21","","","","","","","","","","","","","","","","","","","","","","",""
"-114.00","51.11","CALGARY INT'L CS","3031094","2021-05-22","2021","05","22","","","","","","","","","","","","","","","","","","","","","","",""
"-114.00","51.11","CALGARY INT'L CS","3031094","2021-05-23","2021","05","23","","","","","","","","","","","","","","","","","","","","","","",""
"-114.00","51.11","CALGARY INT'L CS","3031094","2021-05-24","2021","05","24","","","","","","","","","","","","","","","","","","","","","","",""
"-114.00","51.11","CALGARY INT'L CS","3031094","2021-05-25","2021","05","25","","","","","","","","","","","","","","","","","","","","","","",""
"-114.00","51.11","CALGARY INT'L CS","3031094","2021-05-26","2021","05","26","","","","","","","","","","","","","","","","","","","","","","",""
"-114.00","51.11","CALGARY INT'L CS","3031094","2021-05-27","2021","05","27","","","","","","","","","","","","","","","","","","","","","","",""
"-114.00","51.11","CALGARY INT'L CS","3031094","2021-05-28","2021","05","28","","","","","","","","","","","","","","","","","","","","","","",""
"-114.00","51.11","CALGARY INT'L CS","3031094","2021-05-29","2021","05","29","","","","","","","","","","","","","","","","","","","","","","",""
"-114.00","51.11","CALGARY INT'L CS","3031094","2021-05-30","2021","05","30","","","","","","","","","","","","","","","","","","","","","","",""
"-114.00","51.11","CALGARY INT'L CS","3031094","2021-05-31","2021","05","31","","","","","","","","","","","","","","","","","","","","","","",""
"-114.00","51.11","CALGARY INT'L CS","3031094","2021-06-01","2021","06","01","","","","","","","","","","","","","","","","","","","","","","",""
"-114.00","51.11","CALGARY INT'L CS","3031094","2021-06-02","2021","06","02","","","","","","","","","","","","","","","","","","","","","","",""
"-114.00","51.11","CALGARY INT'L CS","3031094","2021-06-03","2021","06","03","","","","","","","","","","","","","","","","","","","","","","",""
"-114.00","51.11","CALGARY INT'L CS","3031094","2021-06-04","2021","06","04","","","","","","","","","","","","","","","","","","","","","","",""
"-114.00","51.11","CALGARY INT'L CS","3031094","2021-06-05","2021","06","05","","","","","","","","","","","","","","","","","","","","","","",""
"-114.00","51.11","CALGARY INT'L CS","3031094","2021-06-06","2021","06","06","","","","","","","","","","","","","","","","","","","","","","",""
"-114.00","51.11","CALGARY INT'L CS","3031094","2021-06-07","2021","06","07","","","","","","","","","","","","","","","","","","","","","","",""
"-114.00","51.11","CALGARY INT'L CS","3031094","2021-06-08","2021","06","08","","","","","","","","","","","","","","","","","","","","","","",""
"-114.00","51.11","CALGARY INT'L CS","3031094","2021-06-09","2021","06","09","","","","","","","","","","","","","","","","","","","","","","",""
"-114.00","51.11","CALGARY INT'L CS","3031094","2021-06-10","2021","06","10","","","","","","","","","","","","","","","","","","","","","","",""
"-114.00","51.11","CALGARY INT'L CS","3031094","2021-06-11","2021","06","11","","","","","","","","","","","","","","","","","","","","","","",""
"-114.00","51.11","CALGARY INT'L CS","3031094","2021-06-12","2021","06","12","","","","","","","","","","","","","","","","","","","","","","",""
"-114.00","51.11","CALGARY INT'L CS","3031094","2021-06-13","2021","06","13","","","","","","","","","","","","","","","","","","","","","","",""
"-114.00","51.11","CALGARY INT'L CS","3031094","2021-06-14","2021","06","14","","","","","","","","","","","","","","","","","","","","","","",""
"-114.00","51.11","CALGARY INT'L CS","3031094","2021-06-15","2021","06","15","","","","","","","","","","","","","","","","","","","","","","",""
"-114.00","51.11","CALGARY INT'L CS","3031094","2021-06-16","2021","06","16","","","","","","","","","","","","","","","","","","","","","","",""
"-114.00","51.11","CALGARY INT'L CS","3031094","2021-06-17","2021","06","17","","","","","","","","","","","","","","","","","","","","","","",""
"-114.00","51.11","CALGARY INT'L CS","3031094","2021-06-18","2021","06","18","","","","","","","","","","","","","","","","","","","","","","",""
"-114.00","51.11","CALGARY INT'L CS","3031094","2021-06-19","2021","06","19","","","","","","","","","","","","","","","","","","","","","","",""
"-114.00","51.11","CALGARY INT'L CS","3031094","2021-06-20","2021","06","20","","","","","","","","","","","","","","","","","","","","","","",""
"-114.00","51.11","CALGARY INT'L CS","3031094","2021-06-21","2021","06","21","","","","","","","","","","","","","","","","","","","","","","",""
"-114.00","51.11","CALGARY INT'L CS","3031094","2021-06-22","2021","06","22","","","","","","","","","","","","","","","","","","","","","","",""
"-114.00","51.11","CALGARY INT'L CS","3031094","2021-06-23","2021","06","23","","","","","","","","","","","","","","","","","","","","","","",""
"-114.00","51.11","CALGARY INT'L CS","3031094","2021-06-24","2021","06","24","","","","","","","","","","","","","","","","","","","","","","",""
"-114.00","51.11","CALGARY INT'L CS","3031094","2021-06-25","2021","06","25","","","","","","","","","","","","","","","","","","","","","","",""
"-114.00","51.11","CALGARY INT'L CS","3031094","2021-06-26","2021","06","26","","","","","","","","","","","","","","","","","","","","","","",""
"-114.00","51.11","CALGARY INT'L CS","3031094","2021-06-27","2021","06","27","","","","","","","","","","","","","","","","","","","","","","",""
"-114.00","51.11","CALGARY INT'L CS","3031094","2021-06-28","2021","06","28","","","","","","","","","","","","","","","","","","","","","","",""
"-114.00","51.11","CALGARY INT'L CS","3031094","2021-06-29","2021","06","29","","","","","","","","","","","","","","","","","","","","","","",""
"-114.00","51.11","CALGARY INT'L CS","3031094","2021-06-30","2021","06","30","","","","","","","","","","","","","","","","","","","","","","",""
"-114.00","51.11","CALGARY INT'L CS","3031094","2021-07-01","2021","07","01","","","","","","","","","","","","","","","","","","","","","","",""
"-114.00","51.11","CALGARY INT'L CS","3031094","2021-07-02","2021","07","02","","","","","","","","","","","","","","","","","","","","","","",""
"-114.00","51.11","CALGARY INT'L CS","3031094","2021-07-03","2021","07","03","","","","","","","","","","","","","","","","","","","","","","",""
"-114.00","51.11","CALGARY INT'L CS","3031094","2021-07-04","2021","07","04","","","","","","","","","","","","","","","","","","","","","","",""
"-114.00","51.11","CALGARY INT'L CS","3031094","2021-07-05","2021","07","05","","","","","","","","","","","","","","","","","","","","","","",""
"-114.00","51.11","CALGARY INT'L CS","3031094","2021-07-06","2021","07","06","","","","","","","","","","","","","","","","","","","","","","",""
"-114.00","51.11","CALGARY INT'L CS","3031094","2021-07-07","2021","07","07","","","","","","","","","","","","","","","","","","","","","","",""
"-114.00","51.11","CALGARY INT'L CS","3031094","2021-07-08","2021","07","08","","","","","","","","","","","","","","","","","","","","","","",""
"-114.00","51.11","CALGARY INT'L CS","3031094","2021-07-09","2021","07","09","","","","","","","","","","","","","","","","","","","","","","",""
"-114.00","51.11","CALGARY INT'L CS","3031094","2021-07-10","2021","07","10","","","","","","","","","","","","","","","","","","","","","","",""
"-114.00","51.11","CALGARY INT'L CS","3031094","2021-07-11","2021","07","11","","","","","","","","","","","","","","","","","","","","","","",""
"-114.00","51.11","CALGARY INT'L CS","3031094","2021-07-12","2021","07","12","","","","","","","","","","","","","","","","","","","","","","",""
"-114.00","51.11","CALGARY INT'L CS","3031094","2021-07-13","2021","07","13","","","","","","","","","","","","","","","","","","","","","","",""
"-114.00","51.11","CALGARY INT'L CS","3031094","2021-07-14","2021","07","14","","","","","","","","","","","","","","","","","","","","","","",""
"-114.00","51.11","CALGARY INT'L CS","3031094","2021-07-15","2021","07","15","","","","","","","","","","","","","","","","","","","","","","",""
"-114.00","51.11","CALGARY INT'L CS","3031094","2021-07-16","2021","07","16","","","","","","","","","","","","","","","","","","","","","","",""
"-114.00","51.11","CALGARY INT'L CS","3031094","2021-07-17","2021","07","17","","","","","","","","","","","","","","","","","","","","","","",""
"-114.00","51.11","CALGARY INT'L CS","3031094","2021-07-18","2021","07","18","","","","","","","","","","","","","","","","","","","","","","",""
"-114.00","51.11","CALGARY INT'L CS","3031094","2021-07-19","2021","07","19","","","","","","","","","","","","","","","","","","","","","","",""
"-114.00","51.11","CALGARY INT'L CS","3031094","2021-07-20","2021","07","20","","","","","","","","","","","","","","","","","","","","","","",""
"-114.00","51.11","CALGARY INT'L CS","3031094","2021-07-21","2021","07","21","","","","","","","","","","","","","","","","","","","","","","",""
"-114.00","51.11","CALGARY INT'L CS","3031094","2021-07-22","2021","07","22","","","","","","","","","","","","","","","","","","","","","","",""
"-114.00","51.11","CALGARY INT'L CS","3031094","2021-07-23","2021","07","23","","","","","","","","","","","","","","","","","","","","","","",""
"-114.00","51.11","CALGARY INT'L CS","3031094","2021-07-24","2021","07","24","","","","","","","","","","","","","","","","","","","","","","",""
"-114.00","51.11","CALGARY INT'L CS","3031094","2021-07-25","2021","07","25","","","","","","","","","","","","","","","","","","","","","","",""
"-114.00","51.11","CALGARY INT'L CS","3031094","2021-07-26","2021","07","26","","","","","","","","","","","","","","","","","","","","","","",""
"-114.00","51.11","CALGARY INT'L CS","3031094","2021-07-27","2021","07","27","","","","","","","","","","","","","","","","","","","","","","",""
"-114.00","51.11","CALGARY INT'L CS","3031094","2021-07-28","2021","07","28","","","","","","","","","","","","","","","","","","","","","","",""
"-114.00","51.11","CALGARY INT'L CS","3031094","2021-07-29","2021","07","29","","","","","","","","","","","","","","","","","","","","","","",""
"-114.00","51.11","CALGARY INT'L CS","3031094","2021-07-30","2021","07","30","","","","","","","","","","","","","","","","","","","","","","",""
"-114.00","51.11","CALGARY INT'L CS","3031094","2021-07-31","2021","07","31","","","","","","","","","","","","","","","","","","","","","","",""
"-114.00","51.11","CALGARY INT'L CS","3031094","2021-08-01","2021","08","01","","","","","","","","","","","","","","","","","","","","","","",""
"-114.00","51.11","CALGARY INT'L CS","3031094","2021-08-02","2021","08","02","","","","","","","","","","","","","","","","","","","","","","",""
"-114.00","51.11","CALGARY INT'L CS","3031094","2021-08-03","2021","08","03","","","","","","","","","","","","","","","","","","","","","","",""
"-114.00","51.11","CALGARY INT'L CS","3031094","2021-08-04","2021","08","04","","","","","","","","","","","","","","","","","","","","","","",""
"-114.00","51.11","CALGARY INT'L CS","3031094","2021-08-05","2021","08","05","","","","","","","","","","","","","","","","","","","","","","",""
"-114.00","51.11","CALGARY INT'L CS","3031094","2021-08-06","2021","08","06","","","","","","","","","","","","","","","","","","","","","","",""
"-114.00","51.11","CALGARY INT'L CS","3031094","2021-08-07","2021","08","07","","","","","","","","","","","","","","","","","","","","","","",""
"-114.00","51.11","CALGARY INT'L CS","3031094","2021-08-08","2021","08","08","","","","","","","","","","","","","","","","","","","","","","",""
"-114.00","51.11","CALGARY INT'L CS","3031094","2021-08-09","2021","08","09","","","","","","","","","","","","","","","","","","","","","","",""
"-114.00","51.11","CALGARY INT'L CS","3031094","2021-08-10","2021","08","10","","","","","","","","","","","","","","","","","","","","","","",""
"-114.00","51.11","CALGARY INT'L CS","3031094","2021-08-11","2021","08","11","","","","","","","","","","","","","","","","","","","","","","",""
"-114.00","51.11","CALGARY INT'L CS","3031094","2021-08-12","2021","08","12","","","","","","","","","","","","","","","","","","","","","","",""
"-114.00","51.11","CALGARY INT'L CS","3031094","2021-08-13","2021","08","13","","","","","","","","","","","","","","","","","","","","","","",""
"-114.00","51.11","CALGARY INT'L CS","3031094","2021-08-14","2021","08","14","","","","","","","","","","","","","","","","","","","","","","",""
"-114.00","51.11","CALGARY INT'L CS","3031094","2021-08-15","2021","08","15","","","","","","","","","","","","","","","","","","","","","","",""
"-114.00","51.11","CALGARY INT'L CS","3031094","2021-08-16","2021","08","16","","","","","","","","","","","","","","","","","","","","","","",""
"-114.00","51.11","CALGARY INT'L CS","3031094","2021-08-17","2021","08","17","","","","","","","","","","","","","","","","","","","","","","",""
"-114.00","51.11","CALGARY INT'L CS","3031094","2021-08-18","2021","08","18","","","","","","","","","","","","","","","","","","","","","","",""
"-114.00","51.11","CALGARY INT'L CS","3031094","2021-08-19","2021","08","19","","","","","","","","","","","","","","","","","","","","","","",""
"-114.00","51.11","CALGARY INT'L CS","3031094","2021-08-20","2021","08","20","","","","","","","","","","","","","","","","","","","","","","",""
"-114.00","51.11","CALGARY INT'L CS","3031094","2021-08-21","2021","08","21","","","","","","","","","","","","","","","","","","","","","","",""
"-114.00","51.11","CALGARY INT'L CS","3031094","2021-08-22","2021","08","22","","","","","","","","","","","","","","","","","","","","","","",""
"-114.00","51.11","CALGARY INT'L CS","3031094","2021-08-23","2021","08","23","","","","","","","","","","","","","","","","","","","","","","",""
"-114.00","51.11","CALGARY INT'L CS","3031094","2021-08-24","2021","08","24","","","","","","","","","","","","","","","","","","","","","","",""
"-114.00","51.11","CALGARY INT'L CS","3031094","2021-08-25","2021","08","25","","","","","","","","","","","","","","","","","","","","","","",""
"-114.00","51.11","CALGARY INT'L CS","3031094","2021-08-26","2021","08","26","","","","","","","","","","","","","","","","","","","","","","",""
"-114.00","51.11","CALGARY INT'L CS","3031094","2021-08-27","2021","08","27","","","","","","","","","","","","","","","","","","","","","","",""
"-114.00","51.11","CALGARY INT'L CS","3031094","2021-08-28","2021","08","28","","","","","","","","","","","","","","","","","","","","","","",""
"-114.00","51.11","CALGARY INT'L CS","3031094","2021-08-29","2021","08","29","","","","","","","","","","","","","","","","","","","","","","",""
"-114.00","51.11","CALGARY INT'L CS","3031094","2021-08-30","2021","08","30","","","","","","","","","","","","","","","","","","","","","","",""
"-114.00","51.11","CALGARY INT'L CS","3031094","2021-08-31","2021","08","31","","","","","","","","","","","","","","","","","","","","","","",""
"-114.00","51.11","CALGARY INT'L CS","3031094","2021-09-01","2021","09","01","","","","","","","","","","","","","","","","","","","","","","",""
"-114.00","51.11","CALGARY INT'L CS","3031094","2021-09-02","2021","09","02","","","","","","","","","","","","","","","","","","","","","","",""
"-114.00","51.11","CALGARY INT'L CS","3031094","2021-09-03","2021","09","03","","","","","","","","","","","","","","","","","","","","","","",""
"-114.00","51.11","CALGARY INT'L CS","3031094","2021-09-04","2021","09","04","","","","","","","","","","","","","","","","","","","","","","",""
"-114.00","51.11","CALGARY INT'L CS","3031094","2021-09-05","2021","09","05","","","","","","","","","","","","","","","","","","","","","","",""
"-114.00","51.11","CALGARY INT'L CS","3031094","2021-09-06","2021","09","06","","","","","","","","","","","","","","","","","","","","","","",""
"-114.00","51.11","CALGARY INT'L CS","3031094","2021-09-07","2021","09","07","","","","","","","","","","","","","","","","","","","","","","",""
"-114.00","51.11","CALGARY INT'L CS","3031094","2021-09-08","2021","09","08","","","","","","","","","","","","","","","","","","","","","","",""
"-114.00","51.11","CALGARY INT'L CS","3031094","2021-09-09","2021","09","09","","","","","","","","","","","","","","","","","","","","","","",""
"-114.00","51.11","CALGARY INT'L CS","3031094","2021-09-10","2021","09","10","","","","","","","","","","","","","","","","","","","","","","",""
"-114.00","51.11","CALGARY INT'L CS","3031094","2021-09-11","2021","09","11","","","","","","","","","","","","","","","","","","","","","","",""
"-114.00","51.11","CALGARY INT'L CS","3031094","2021-09-12","2021","09","12","","","","","","","","","","","","","","","","","","","","","","",""
"-114.00","51.11","CALGARY INT'L CS","3031094","2021-09-13","2021","09","13","","","","","","","","","","","","","","","","","","","","","","",""
"-114.00","51.11","CALGARY INT'L CS","3031094","2021-09-14","2021","09","14","","","","","","","","","","","","","","","","","","","","","","",""
"-114.00","51.11","CALGARY INT'L CS","3031094","2021-09-15","2021","09","15","","","","","","","","","","","","","","","","","","","","","","",""
"-114.00","51.11","CALGARY INT'L CS","3031094","2021-09-16","2021","09","16","","","","","","","","","","","","","","","","","","","","","","",""
"-114.00","51.11","CALGARY INT'L CS","3031094","2021-09-17","2021","09","17","","","","","","","","","","","","","","","","","","","","","","",""
"-114.00","51.11","CALGARY INT'L CS","3031094","2021-09-18","2021","09","18","","","","","","","","","","","","","","","","","","","","","","",""
"-114.00","51.11","CALGARY INT'L CS","3031094","2021-09-19","2021","09","19","","","","","","","","","","","","","","","","","","","","","","",""
"-114.00","51.11","CALGARY INT'L CS","3031094","2021-09-20","2021","09","20","","","","","","","","","","","","","","","","","","","","","","",""
"-114.00","51.11","CALGARY INT'L CS","3031094","2021-09-21","2021","09","21","","","","","","","","","","","","","","","","","","","","","","",""
"-114.00","51.11","CALGARY INT'L CS","3031094","2021-09-22","2021","09","22","","","","","","","","","","","","","","","","","","","","","","",""
"-114.00","51.11","CALGARY INT'L CS","3031094","2021-09-23","2021","09","23","","","","","","","","","","","","","","","","","","","","","","",""
"-114.00","51.11","CALGARY INT'L CS","3031094","2021-09-24","2021","09","24","","","","","","","","","","","","","","","","","","","","","","",""
"-114.00","51.11","CALGARY INT'L CS","3031094","2021-09-25","2021","09","25","","","","","","","","","","","","","","","","","","","","","","",""
"-114.00","51.11","CALGARY INT'L CS","3031094","2021-09-26","2021","09","26","","","","","","","","","","","","","","","","","","","","","","",""
"-114.00","51.11","CALGARY INT'L CS","3031094","2021-09-27","2021","09","27","","","","","","","","","","","","","","","","","","","","","","",""
"-114.00","51.11","CALGARY INT'L CS","3031094","2021-09-28","2021","09","28","","","","","","","","","","","","","","","","","","","","","","",""
"-114.00","51.11","CALGARY INT'L CS","3031094","2021-09-29","2021","09","29","","","","","","","","","","","","","","","","","","","","","","",""
"-114.00","51.11","CALGARY INT'L CS","3031094","2021-09-30","2021","09","30","","","","","","","","","","","","","","","","","","","","","","",""
"-114.00","51.11","CALGARY INT'L CS","3031094","2021-10-01","2021","10","01","","","","","","","","","","","","","","","","","","","","","","",""
"-114.00","51.11","CALGARY INT'L CS","3031094","2021-10-02","2021","10","02","","","","","","","","","","","","","","","","","","","","","","",""
"-114.00","51.11","CALGARY INT'L CS","3031094","2021-10-03","2021","10","03","","","","","","","","","","","","","","","","","","","","","","",""
"-114.00","51.11","CALGARY INT'L CS","3031094","2021-10-04","2021","10","04","","","","","","","","","","","","","","","","","","","","","","",""
"-114.00","51.11","CALGARY INT'L CS","3031094","2021-10-05","2021","10","05","","","","","","","","","","","","","","","","","","","","","","",""
"-114.00","51.11","CALGARY INT'L CS","3031094","2021-10-06","2021","10","06","","","","","","","","","","","","","","","","","","","","","","",""
"-114.00","51.11","CALGARY INT'L CS","3031094","2021-10-07","2021","10","07","","","","","","","","","","","","","","","","","","","","","","",""
"-114.00","51.11","CALGARY INT'L CS","3031094","2021-10-08","2021","10","08","","","","","","","","","","","","","","","","","","","","","","",""
"-114.00","51.11","CALGARY INT'L CS","3031094","2021-10-09","2021","10","09","","","","","","","","","","","","","","","","","","","","","","",""
"-114.00","51.11","CALGARY INT'L CS","3031094","2021-10-10","2021","10","10","","","","","","","","","","","","","","","","","","","","","","",""
"-114.00","51.11","CALGARY INT'L CS","3031094","2021-10-11","2021","10","11","","","","","","","","","","","","","","","","","","","","","","",""
"-114.00","51.11","CALGARY INT'L CS","3031094","2021-10-12","2021","10","12","","","","","","","","","","","","","","","","","","","","","","",""
"-114.00","51.11","CALGARY INT'L CS","3031094","2021-10-13","2021","10","13","","","","","","","","","","","","","","","","","","","","","","",""
"-114.00","51.11","CALGARY INT'L CS","3031094","2021-10-14","2021","10","14","","","","","","","","","","","","","","","","","","","","","","",""
"-114.00","51.11","CALGARY INT'L CS","3031094","2021-10-15","2021","10","15","","","","","","","","","","","","","","","","","","","","","","",""
"-114.00","51.11","CALGARY INT'L CS","3031094","2021-10-16","2021","10","16","","","","","","","","","","","","","","","","","","","","","","",""
"-114.00","51.11","CALGARY INT'L CS","3031094","2021-10-17","2021","10","17","","","","","","","","","","","","","","","","","","","","","","",""
"-114.00","51.11","CALGARY INT'L CS","3031094","2021-10-18","2021","10","18","","","","","","","","","","","","","","","","","","","","","","",""
"-114.00","51.11","CALGARY INT'L CS","3031094","2021-10-19","2021","10","19","","","","","","","","","","","","","","","","","","","","","","",""
"-114.00","51.11","CALGARY INT'L CS","3031094","2021-10-20","2021","10","20","","","","","","","","","","","","","","","","","","","","","","",""
"-114.00","51.11","CALGARY INT'L CS","3031094","2021-10-21","2021","10","21","","","","","","","","","","","","","","","","","","","","","","",""
"-114.00","51.11","CALGARY INT'L CS","3031094","2021-10-22","2021","10","22","","","","","","","","","","","","","","","","","","","","","","",""
"-114.00","51.11","CALGARY INT'L CS","3031094","2021-10-23","2021","10","23","","","","","","","","","","","","","","","","","","","","","","",""
"-114.00","51.11","CALGARY INT'L CS","3031094","2021-10-24","2021","10","24","","","","","","","","","","","","","","","","","","","","","","",""
"-114.00","51.11","CALGARY INT'L CS","3031094","2021-10-25","2021","10","25","","","","","","","","","","","","","","","","","","","","","","",""
"-114.00","51.11","CALGARY INT'L CS","3031094","2021-10-26","2021","10","26","","","","","","","","","","","","","","","","","","","","","","",""
"-114.00","51.11","CALGARY INT'L CS","3031094","2021-10-27","2021","10","27","","","","","","","","","","","","","","","","","","","","","","",""
"-114.00","51.11","CALGARY INT'L CS","3031094","2021-10-28","2021","10","28","","","","","","","","","","","","","","","","","","","","","","",""
"-114.00","51.11","CALGARY INT'L CS","3031094","2021-10-29","2021","10","29","","","","","","","","","","","","","","","","","","","","","","",""
"-114.00","51.11","CALGARY INT'L CS","3031094","2021-10-30","2021","10","30","","","","","","","","","","","","","","","","","","","","","","",""
"-114.00","51.11","CALGARY INT'L CS","3031094","2021-10-31","2021","10","31","","","","","","","","","","","","","","","","","","","","","","",""
"-114.00","51.11","CALGARY INT'L CS","3031094","2021-11-01","2021","11","01","","","","","","","","","","","","","","","","","","","","","","",""
"-114.00","51.11","CALGARY INT'L CS","3031094","2021-11-02","2021","11","02","","","","","","","","","","","","","","","","","","","","","","",""
"-114.00","51.11","CALGARY INT'L CS","3031094","2021-11-03","2021","11","03","","","","","","","","","","","","","","","","","","","","","","",""
"-114.00","51.11","CALGARY INT'L CS","3031094","2021-11-04","2021","11","04","","","","","","","","","","","","","","","","","","","","","","",""
"-114.00","51.11","CALGARY INT'L CS","3031094","2021-11-05","2021","11","05","","","","","","","","","","","","","","","","","","","","","","",""
"-114.00","51.11","CALGARY INT'L CS","3031094","2021-11-06","2021","11","06","","","","","","","","","","","","","","","","","","","","","","",""
"-114.00","51.11","CALGARY INT'L CS","3031094","2021-11-07","2021","11","07","","","","","","","","","","","","","","","","","","","","","","",""
"-114.00","51.11","CALGARY INT'L CS","3031094","2021-11-08","2021","11","08","","","","","","","","","","","","","","","","","","","","","","",""
"-114.00","51.11","CALGARY INT'L CS","3031094","2021-11-09","2021","11","09","","","","","","","","","","","","","","","","","","","","","","",""
"-114.00","51.11","CALGARY INT'L CS","3031094","2021-11-10","2021","11","10","","","","","","","","","","","","","","","","","","","","","","",""
"-114.00","51.11","CALGARY INT'L CS","3031094","2021-11-11","2021","11","11","","","","","","","","","","","","","","","","","","","","","","",""
"-114.00","51.11","CALGARY INT'L CS","3031094","2021-11-12","2021","11","12","","","","","","","","","","","","","","","","","","","","","","",""
"-114.00","51.11","CALGARY INT'L CS","3031094","2021-11-13","2021","11","13","","","","","","","","","","","","","","","","","","","","","","",""
"-114.00","51.11","CALGARY INT'L CS","3031094","2021-11-14","2021","11","14","","","","","","","","","","","","","","","","","","","","","","",""
"-114.00","51.11","CALGARY INT'L CS","3031094","2021-11-15","2021","11","15","","","","","","","","","","","","","","","","","","","","","","",""
"-114.00","51.11","CALGARY INT'L CS","3031094","2021-11-16","2021","11","16","","","","","","","","","","","","","","","","","","","","","","",""
"-114.00","51.11","CALGARY INT'L CS","3031094","2021-11-17","2021","11","17","","","","","","","","","","","","","","","","","","","","","","",""
"-114.00","51.11","CALGARY INT'L CS","3031094","2021-11-18","2021","11","18","","","","","","","","","","","","","","","","","","","","","","",""
"-114.00","51.11","CALGARY INT'L CS","3031094","2021-11-19","2021","11","19","","","","","","","","","","","","","","","","","","","","","","",""
"-114.00","51.11","CALGARY INT'L CS","3031094","2021-11-20","2021","11","20","","","","","","","","","","","","","","","","","","","","","","",""
"-114.00","51.11","CALGARY INT'L CS","3031094","2021-11-21","2021","11","21","","","","","","","","","","","","","","","","","","","","","","",""
"-114.00","51.11","CALGARY INT'L CS","3031094","2021-11-22","2021","11","22","","","","","","","","","","","","","","","","","","","","","","",""
"-114.00","51.11","CALGARY INT'L CS","3031094","2021-11-23","2021","11","23","","","","","","","","","","","","","","","","","","","","","","",""
"-114.00","51.11","CALGARY INT'L CS","3031094","2021-11-24","2021","11","24","","","","","","","","","","","","","","","","","","","","","","",""
"-114.00","51.11","CALGARY INT'L CS","3031094","2021-11-25","2021","11","25","","","","","","","","","","","","","","","","","","","","","","",""
"-114.00","51.11","CALGARY INT'L CS","3031094","2021-11-26","2021","11","26","","","","","","","","","","","","","","","","","","","","","","",""
"-114.00","51.11","CALGARY INT'L CS","3031094","2021-11-27","2021","11","27","","","","","","","","","","","","","","","","","","","","","","",""
"-114.00","51.11","CALGARY INT'L CS","3031094","2021-11-28","2021","11","28","","","","","","","","","","","","","","","","","","","","","","",""
"-114.00","51.11","CALGARY INT'L CS","3031094","2021-11-29","2021","11","29","","","","","","","","","","","","","","","","","","","","","","",""
"-114.00","51.11","CALGARY INT'L CS","3031094","2021-11-30","2021","11","30","","","","","","","","","","","","","","","","","","","","","","",""
"-114.00","51.11","CALGARY INT'L CS","3031094","2021-12-01","2021","12","01","","","","","","","","","","","","","","","","","","","","","","",""
"-114.00","51.11","CALGARY INT'L CS","3031094","2021-12-02","2021","12","02","","","","","","","","","","","","","","","","","","","","","","",""
"-114.00","51.11","CALGARY INT'L CS","3031094","2021-12-03","2021","12","03","","","","","","","","","","","","","","","","","","","","","","",""
"-114.00","51.11","CALGARY INT'L CS","3031094","2021-12-04","2021","12","04","","","","","","","","","","","","","","","","","","","","","","",""
"-114.00","51.11","CALGARY INT'L CS","3031094","2021-12-05","2021","12","05","","","","","","","","","","","","","","","","","","","","","","",""
"-114.00","51.11","CALGARY INT'L CS","3031094","2021-12-06","2021","12","06","","","","","","","","","","","","","","","","","","","","","","",""
"-114.00","51.11","CALGARY INT'L CS","3031094","2021-12-07","2021","12","07","","","","","","","","","","","","","","","","","","","","","","",""
"-114.00","51.11","CALGARY INT'L CS","3031094","2021-12-08","2021","12","08","","","","","","","","","","","","","","","","","","","","","","",""
"-114.00","51.11","CALGARY INT'L CS","3031094","2021-12-09","2021","12","09","","","","","","","","","","","","","","","","","","","","","","",""
"-114.00","51.11","CALGARY INT'L CS","3031094","2021-12-10","2021","12","10","","","","","","","","","","","","","","","","","","","","","","",""
"-114.00","51.11","CALGARY INT'L CS","3031094","2021-12-11","2021","12","11","","","","","","","","","","","","","","","","","","","","","","",""
"-114.00","51.11","CALGARY INT'L CS","3031094","2021-12-12","2021","12","12","","","","","","","","","","","","","","","","","","","","","","",""
"-114.00","51.11","CALGARY INT'L CS","3031094","2021-12-13","2021","12","13","","","","","","","","","","","","","","","","","","","","","","",""
"-114.00","51.11","CALGARY INT'L CS","3031094","2021-12-14","2021","12","14","","","","","","","","","","","","","","","","","","","","","","",""
"-114.00","51.11","CALGARY INT'L CS","3031094","2021-12-15","2021","12","15","","","","","","","","","","","","","","","","","","","","","","",""
"-114.00","51.11","CALGARY INT'L CS","3031094","2021-12-16","2021","12","16","","","","","","","","","","","","","","","","","","","","","","",""
"-114.00","51.11","CALGARY INT'L CS","3031094","2021-12-17","2021","12","17","","","","","","","","","","","","","","","","","","","","","","",""
"-114.00","51.11","CALGARY INT'L CS","3031094","2021-12-18","2021","12","18","","","","","","","","","","","","","","","","","","","","","","",""
"-114.00","51.11","CALGARY INT'L CS","3031094","2021-12-19","2021","12","19","","","","","","","","","","","","","","","","","","","","","","",""
"-114.00","51.11","CALGARY INT'L CS","3031094","2021-12-20","2021","12","20","","","","","","","","","","","","","","","","","","","","","","",""
"-114.00","51.11","CALGARY INT'L CS","3031094","2021-12-21","2021","12","21","","","","","","","","","","","","","","","","","","","","","","",""
"-114.00","51.11","CALGARY INT'L CS","3031094","2021-12-22","2021","12","22","","","","","","","","","","","","","","","","","","","","","","",""
"-114.00","51.11","CALGARY INT'L CS","3031094","2021-12-23","2021","12","23","","","","","","","","","","","","","","","","","","","","","","",""
"-114.00","51.11","CALGARY INT'L CS","3031094","2021-12-24","2021","12","24","","","","","","","","","","","","","","","","","","","","","","",""
"-114.00","51.11","CALGARY INT'L CS","3031094","2021-12-25","2021","12","25","","","","","","","","","","","","","","","","","","","","","","",""
"-114.00","51.11","CALGARY INT'L CS","3031094","2021-12-26","2021","12","26","","","","","","","","","","","","","","","","","","","","","","",""
"-114.00","51.11","CALGARY INT'L CS","3031094","2021-12-27","2021","12","27","","","","","","","","","","","","","","","","","","","","","","",""
"-114.00","51.11","CALGARY INT'L CS","3031094","2021-12-28","2021","12","28","","","","","","","","","","","","","","","","","","","","","","",""
"-114.00","51.11","CALGARY INT'L CS","3031094","2021-12-29","2021","12","29","","","","","","","","","","","","","","","","","","","","","","",""
"-114.00","51.11","CALGARY INT'L CS","3031094","2021-12-30","2021","12","30","","","","","","","","","","","","","","","","","","","","","","",""
"-114.00","51.11","CALGARY INT'L CS","3031094","2021-12-31","2021","12","31","","","","","","","","","","","","","","","","","","","","","","",""
