"Longitude (x)","Latitude (y)","Station Name","Climate ID","Date/Time","Year","Month","Day","Data Quality","Max Temp (°C)","Max Temp Flag","Min Temp (°C)","Min Temp Flag","Mean Temp (°C)","Mean Temp Flag","Heat Deg Days (°C)","Heat Deg Days Flag","Cool Deg Days (°C)","Cool Deg Days Flag","Total Rain (mm)","Total Rain Flag","Total Snow (cm)","Total Snow Flag","Total Precip (mm)","Total Precip Flag","Snow on Grnd (cm)","Snow on Grnd Flag","Dir of Max Gust (10s deg)","Dir of Max Gust Flag","Spd of Max Gust (km/h)","Spd of Max Gust Flag"
"-114.00","51.11","CALGARY INT'L CS","3031094","2019-01-01","2019","01","01","","5.7","","-12.2","","-3.3","","21.3","","0.0","","","","","","0.2","","3","","29","","44",""
"-114.00","51.11","CALGARY INT'L CS","3031094","2019-01-02","2019","01","02","","10.3","","4.9","","7.6","","10.4","","0.0","","","","","","0.0","","2","","27","","70",""
"-114.00","51.11","CALGARY INT'L CS","3031094","2019-01-03","2019","01","03","","9.7","","-2.4","","3.7","","14.3","","0.0","","","","","","0.5","","0","","27","","62",""
"-114.00","51.11","CALGARY INT'L CS","3031094","2019-01-04","2019","01","04","","8.8","","-6.5","","1.2","","16.8","","0.0","","","","","","0.0","","0","","23","","66",""
"-114.00","51.11","CALGARY INT'L CS","3031094","2019-01-05","2019","01","05","","-5.0","","-10.0","","-7.5","","25.5","","0.0","","","","","","0.0","","0","","","","",""
"-114.00","51.11","CALGARY INT'L CS","3031094","2019-01-06","2019","01","06","","5.1","","-7.2","","-1.0","","19.0","","0.0","","","","","","0.0","","","","27","","53",""
"-114.00","51.11","CALGARY INT'L CS","3031094","2019-01-07","2019","01","07","","-6.0","","-13.3","","-9.6","","27.6","","0.0","","","","","","0.7","","","","32","","31",""
"-114.00","51.11","CALGARY INT'L CS","3031094","2019-01-08","2019","01","08","","-6.4","","-15.0","","-10.7","","28.7","","0.0","","","","","","0.2","","","","15","","33",""
"-114.00","51.11","CALGARY INT'L CS","3031094","2019-01-09","2019","01","09","","-4.9","","-11.7","","-8.3","","26.3","","0.0","","","","","","0.0","","0","","","","",""
"-114.00","51.11","CALGARY INT'L CS","3031094","2019-01-10","2019","01","10","","9.9","","-11.9","","-1.0","","19.0","","0.0","","","","","","0.0","","","","","","",""
"-114.00","51.11","CALGARY INT'L CS","3031094","2019-01-11","2019","01","11","","7.4","","-10.3","","-1.4","","19.4","","0.0","","","","","","0.0","","","","25","","35",""
"-114.00","51.11","CALGARY INT'L CS","3031094","2019-01-12","2019","01","12","","9.4","","-4.4","","2.5","","15.5","","0.0","","","","","","0.5","","0","","","","",""
"-114.00","51.11","CALGARY INT'L CS","3031094","2019-01-13","2019","01","13","","10.1","","-6.2","","1.9","","16.1","","0.0","","","","","","0.3","","","","","","",""
"-114.00","51.11","CALGARY INT'L CS","3031094","2019-01-14","2019","01","14","","9.7","","-8.3","","0.7","","17.3","","0.0","","","","","","0.6","","","","","","",""
"-114.00","51.11","CALGARY INT'L CS","3031094","2019-01-15","2019","01","15","","-2.8","","-10.3","","-6.6","","24.6","","0.0","","","","","","0.2","","","","","","",""
"-114.00","51.11","CALGARY INT'L CS","3031094","2019-01-16","2019","01","16","","-5.7","","-8.2","","-6.9","","24.9","","0.0","","","","","","1.5","","0","","","","",""
"-114.00","51.11","CALGARY INT'L CS","3031094","2019-01-17","2019","01","17","","-8.2","","-16.8","","-12.5","","30.5","","0.0","","","","","","1.7","","3","","","","",""
"-114.00","51.11","CALGARY INT'L CS","3031094","2019-01-18","2019","01","18","","-13.9","","-18.0","","-15.9","","33.9","","0.0","","","","","","0.9","","6","","","","",""
"-114.00","51.11","CALGARY INT'L CS","3031094","2019-01-19","2019","01","19","","2.0","","-18.6","","-8.3","","26.3","","0.0","","","","","","0.2","","6","","26","","34",""
"-114.00","51.11","CALGARY INT'L CS","3031094","2019-01-20","2019","01","20","","3.2","","-10.8","","-3.8","","21.8","","0.0","","","","","","0.0","","5","","29","","31",""
"-114.00","51.11","CALGARY INT'L CS","3031094","2019-01-21","2019","01","21","","0.1","","-10.8","","-5.4","","23.4","","0.0","","","","","","0.0","","5","","","","",""
"-114.00","51.11","CALGARY INT'L CS","3031094","2019-01-22","2019","01","22","","3.3","","-11.6","","-4.1","","22.1","","0.0","","","","","","0.0","","5","","27","","50",""
"-114.00","51.11","CALGARY INT'L CS","3031094","2019-01-23","2019","01","23","","1.0","","-17.1","","-8.0","","26.0","","0.0","","","","","","0.0","","5","","36","","52",""
"-114.00","51.11","CALGARY INT'L CS","3031094","2019-01-24","2019","01","24","","0.7","","-19.2","","-9.2","","27.2","","0.0","","","","","","1.1","","3","","35","","41",""
"-114.00","51.11","CALGARY INT'L CS","3031094","2019-01-25","2019","01","25","","2.9","","-7.4","","-2.2","","20.2","","0.0","","","","","","0.5","","4","","36","","35",""
"-114.00","51.11","CALGARY INT'L CS","3031094","2019-01-26","2019","01","26","","11.9","","-6.8","","2.5","","15.5","","0.0","","","","","","0.2","","4","","27","","44",""
"-114.00","51.11","CALGARY INT'L CS","3031094","2019-01-27","2019","01","27","","10.1","","-5.7","","2.2","","15.8","","0.0","","","","","","0.0","","1","","34","","78",""
"-114.00","51.11","CALGARY INT'L CS","3031094","2019-01-28","2019","01","28","","-1.6","","-10.9","","-6.2","","24.2","","0.0","","","","","","0.3","","1","","32","","34",""
"-114.00","51.11","CALGARY INT'L CS","3031094","2019-01-29","2019","01","29","","-1.3","","-15.0","","-8.2","","26.2","","0.0","","","","","","0.0","","0","","","","",""
"-114.00","51.11","CALGARY INT'L CS","3031094","2019-01-30","2019","01","30","","6.8","","-11.1","","-2.1","","20.1","","0.0","","","","","","0.2","","1","","","","",""
"-114.00","51.11","CALGARY INT'L CS","3031094","2019-01-31","2019","01","31","","8.8","","-6.0","","1.4","","16.6","","0.0","","","","","","0.7","","1","","","","",""
"-114.00","51.11","CALGARY INT'L CS","3031094","2019-02-01","2019","02","01","","-2.9","","-16.9","","-9.9","","27.9","","0.0","","","","","","0.0","","0","","4","","35",""
"-114.00","51.11","CALGARY INT'L CS","3031094","2019-02-02","2019","02","02","","-16.7","","-22.4","","-19.5","","37.5","","0.0","","","","","","0.7","","2","","36","","42",""
"-114.00","51.11","CALGARY INT'L CS","3031094","2019-02-03","2019","02","03","","-22.2","","-27.9","","-25.1","","43.1","","0.0","","","","","","0.2","","2","","","","",""
"-114.00","51.11","CALGARY INT'L CS","3031094","2019-02-04","2019","02","04","","-25.0","","-27.8","","-26.4","","44.4","","0.0","","","","","","0.0","","2","","","","",""
"-114.00","51.11","CALGARY INT'L CS","3031094","2019-02-05","2019","02","05","","-21.4","","-29.3","","-25.4","","43.4","","0.0","","","","","","0.3","","2","","","","",""
"-114.00","51.11","CALGARY INT'L CS","3031094","2019-02-06","2019","02","06","","-15.6","","-26.9","","-21.2","","39.2","","0.0","","","","","","0.2","","2","","","","",""
"-114.00","51.11","CALGARY INT'L CS","3031094","2019-02-07","2019","02","07","","-11.6","","-26.0","","-18.8","","36.8","","0.0","","","","","","0.8","","2","","","","",""
"-114.00","51.11","CALGARY INT'L CS","3031094","2019-02-08","2019","02","08","","-13.2","","-24.0","","-18.6","","36.6","","0.0","","","","","","1.7","","2","","2","","45",""
"-114.00","51.11","CALGARY INT'L CS","3031094","2019-02-09","2019","02","09","","-24.0","","-28.4","","-26.2","","44.2","","0.0","","","","","","0.2","","3","","","","",""
"-114.00","51.11","CALGARY INT'L CS","3031094","2019-02-10","2019","02","10","","-24.1","","-30.0","","-27.0","","45.0","","0.0","","","","","","1.0","","3","","","","",""
"-114.00","51.11","CALGARY INT'L CS","3031094","2019-02-11","2019","02","11","","-21.3","","-28.2","","-24.7","","42.7","","0.0","","","","","","0.9","","6","","","","",""
"-114.00","51.11","CALGARY INT'L CS","3031094","2019-02-12","2019","02","12","","-17.0","","-30.3","","-23.6","","41.6","","0.0","","","","","","1.2","","7","","","","",""
"-114.00","51.11","CALGARY INT'L CS","3031094","2019-02-13","2019","02","13","","-17.1","","-24.4","","-20.7","","38.7","","0.0","","","","","","1.0","","8","","","","",""
"-114.00","51.11","CALGARY INT'L CS","3031094","2019-02-14","2019","02","14","","-10.7","","-24.8","","-17.8","","35.8","","0.0","","","","","","0.0","","8","","","","",""
"-114.00","51.11","CALGARY INT'L CS","3031094","2019-02-15","2019","02","15","","-17.0","","-23.2","","-20.1","","38.1","","0.0","","","","","","1.7","","8","","","","",""
"-114.00","51.11","CALGARY INT'L CS","3031094","2019-02-16","2019","02","16","","-15.2","","-18.2","","-16.7","","34.7","","0.0","","","","","","1.8","","13","","35","","50",""
"-114.00","51.11","CALGARY INT'L CS","3031094","2019-02-17","2019","02","17","","-16.5","","-19.6","","-18.1","","36.1","","0.0","","","","","","0.2","","3","","35","","42",""
"-114.00","51.11","CALGARY INT'L CS","3031094","2019-02-18","2019","02","18","","-15.5","","-24.3","","-19.9","","37.9","","0.0","","","","","","0.0","","3","","","","",""
"-114.00","51.11","CALGARY INT'L CS","3031094","2019-02-19","2019","02","19","","-1.3","","-22.7","","-12.0","","30.0","","0.0","","","","","","0.0","","3","","","","",""
"-114.00","51.11","CALGARY INT'L CS","3031094","2019-02-20","2019","02","20","","-4.6","","-13.4","","-9.0","","27.0","","0.0","","","","","","0.4","","4","","35","","56",""
"-114.00","51.11","CALGARY INT'L CS","3031094","2019-02-21","2019","02","21","","-10.0","","-19.2","","-14.6","","32.6","","0.0","","","","","","0.0","","3","","1","","52",""
"-114.00","51.11","CALGARY INT'L CS","3031094","2019-02-22","2019","02","22","","-0.4","","-15.8","","-8.1","","26.1","","0.0","","","","","","0.0","","3","","27","","45",""
"-114.00","51.11","CALGARY INT'L CS","3031094","2019-02-23","2019","02","23","","-5.0","","-19.9","","-12.4","","30.4","","0.0","","","","","","1.3","","3","","35","","51",""
"-114.00","51.11","CALGARY INT'L CS","3031094","2019-02-24","2019","02","24","","-17.5","","-24.1","","-20.8","","38.8","","0.0","","","","","","0.0","","3","","","","",""
"-114.00","51.11","CALGARY INT'L CS","3031094","2019-02-25","2019","02","25","","-18.3","","-31.2","","-24.7","","42.7","","0.0","","","","","","0.0","","3","","","","",""
"-114.00","51.11","CALGARY INT'L CS","3031094","2019-02-26","2019","02","26","","-11.1","","-25.9","","-18.5","","36.5","","0.0","","","","","","0.0","","3","","","","",""
"-114.00","51.11","CALGARY INT'L CS","3031094","2019-02-27","2019","02","27","","-3.3","","-23.0","","-13.1","","31.1","","0.0","","","","","","0.0","","3","","","","",""
"-114.00","51.11","CALGARY INT'L CS","3031094","2019-02-28","2019","02","28","","-4.5","","-15.1","","-9.8","","27.8","","0.0","","","","","","0.0","","3","","2","","36",""
"-114.00","51.11","CALGARY INT'L CS","3031094","2019-03-01","2019","03","01","","-8.7","","-27.9","","-18.3","","36.3","","0.0","","","","","","0.4","","3","","2","","36",""
"-114.00","51.11","CALGARY INT'L CS","3031094","2019-03-02","2019","03","02","","-20.6","","-32.4","","-26.5","","44.5","","0.0","","","","","","0.2","","3","","","","",""
"-114.00","51.11","CALGARY INT'L CS","3031094","2019-03-03","2019","03","03","","-14.3","","-29.1","","-21.7","","39.7","","0.0","","","","","","0.0","","3","","","","",""
"-114.00","51.11","CALGARY INT'L CS","3031094","2019-03-04","2019","03","04","","-7.8","","-26.1","","-17.0","","35.0","","0.0","","","","","","0.0","","3","","","","",""
"-114.00","51.11","CALGARY INT'L CS","3031094","2019-03-05","2019","03","05","","-7.4","","-21.2","","-14.3","","32.3","","0.0","","","","","","0.0","","3","","","","",""
"-114.00","51.11","CALGARY INT'L CS","3031094","2019-03-06","2019","03","06","","-12.4","","-24.7","","-18.6","","36.6","","0.0","","","","","","0.0","","3","","17","","42",""
"-114.00","51.11","CALGARY INT'L CS","3031094","2019-03-07","2019","03","07","","-9.2","","-17.3","","-13.2","","31.2","","0.0","","","","","","1.6","","3","","16","","31",""
"-114.00","51.11","CALGARY INT'L CS","3031094","2019-03-08","2019","03","08","","-4.9","","-13.9","","-9.4","","27.4","","0.0","","","","","","0.6","","5","","","","",""
"-114.00","51.11","CALGARY INT'L CS","3031094","2019-03-09","2019","03","09","","-3.8","","-15.0","","-9.4","","27.4","","0.0","","","","","","0.0","","4","","","","",""
"-114.00","51.11","CALGARY INT'L CS","3031094","2019-03-10","2019","03","10","","1.8","","-16.2","","-7.2","","25.2","","0.0","","","","","","0.0","","3","","","","",""
"-114.00","51.11","CALGARY INT'L CS","3031094","2019-03-11","2019","03","11","","9.7","","-4.0","","2.8","","15.2","","0.0","","","","","","0.0","","6","","26","","60",""
"-114.00","51.11","CALGARY INT'L CS","3031094","2019-03-12","2019","03","12","","4.6","","-2.4","","1.1","","16.9","","0.0","","","","","","1.2","","3","","28","","41",""
"-114.00","51.11","CALGARY INT'L CS","3031094","2019-03-13","2019","03","13","","0.9","","-6.5","","-2.8","","20.8","","0.0","","","","","","0.0","","3","","","","",""
"-114.00","51.11","CALGARY INT'L CS","3031094","2019-03-14","2019","03","14","","1.8","","-10.6","","-4.4","","22.4","","0.0","","","","","","0.0","","2","","29","","45",""
"-114.00","51.11","CALGARY INT'L CS","3031094","2019-03-15","2019","03","15","","3.2","","-3.8","","-0.3","","18.3","","0.0","","","","","","0.0","","2","","29","","46",""
"-114.00","51.11","CALGARY INT'L CS","3031094","2019-03-16","2019","03","16","","4.4","","-9.5","","-2.5","","20.5","","0.0","","","","","","0.0","","1","","","","",""
"-114.00","51.11","CALGARY INT'L CS","3031094","2019-03-17","2019","03","17","","10.5","","-7.0","","1.7","","16.3","","0.0","","","","","","0.0","","1","","","","",""
"-114.00","51.11","CALGARY INT'L CS","3031094","2019-03-18","2019","03","18","","10.9","","-2.3","","4.3","","13.7","","0.0","","","","","","0.0","","1","","","","",""
"-114.00","51.11","CALGARY INT'L CS","3031094","2019-03-19","2019","03","19","","","M","","M","","M","","M","","M","","","","","","M","1","","","M","","M"
"-114.00","51.11","CALGARY INT'L CS","3031094","2019-03-20","2019","03","20","","16.5","","-2.5","","7.0","","11.0","","0.0","","","","","","0.0","","0","","","","",""
"-114.00","51.11","CALGARY INT'L CS","3031094","2019-03-21","2019","03","21","","13.0","","-2.6","","5.2","","12.8","","0.0","","","","","","0.0","","1","","","","",""
"-114.00","51.11","CALGARY INT'L CS","3031094","2019-03-22","2019","03","22","","15.0","","-3.7","","5.7","","12.3","","0.0","","","","","","0.0","","","","","","",""
"-114.00","51.11","CALGARY INT'L CS","3031094","2019-03-23","2019","03","23","","10.6","","-3.4","","3.6","","14.4","","0.0","","","","","","0.0","","","","36","","31",""
"-114.00","51.11","CALGARY INT'L CS","3031094","2019-03-24","2019","03","24","","1.5","","-1.0","","0.3","","17.7","","0.0","","","","","","0.0","","","","","","",""
"-114.00","51.11","CALGARY INT'L CS","3031094","2019-03-25","2019","03","25","","9.7","","-1.9","","3.9","","14.1","","0.0","","","","","","0.0","","1","","","","",""
"-114.00","51.11","CALGARY INT'L CS","3031094","2019-03-26","2019","03","26","","13.4","","-0.8","","6.3","","11.7","","0.0","","","","","","0.0","","1","","33","","61",""
"-114.00","51.11","CALGARY INT'L CS","3031094","2019-03-27","2019","03","27","","5.5","","-2.8","","1.4","","16.6","","0.0","","","","","","1.9","","4","","","","",""
"-114.00","51.11","CALGARY INT'L CS","3031094","2019-03-28","2019","03","28","","7.9","","-3.9","","2.0","","16.0","","0.0","","","","","","0.0","","1","","17","","35",""
"-114.00","51.11","CALGARY INT'L CS","3031094","2019-03-29","2019","03","29","","9.8","","-4.2","","2.8","","15.2","","0.0","","","","","","0.0","","1","","","","",""
"-114.00","51.11","CALGARY INT'L CS","3031094","2019-03-30","2019","03","30","","12.8","","-2.9","","5.0","","13.0","","0.0","","","","","","0.0","","0","","1","","46",""
"-114.00","51.11","CALGARY INT'L CS","3031094","2019-03-31","2019","03","31","","9.9","","0.3","","5.1","","12.9","","0.0","","","","","","0.0","","1","","13","","40",""
"-114.00","51.11","CALGARY INT'L CS","3031094","2019-04-01","2019","04","01","","8.7","","-0.5","","4.1","","13.9","","0.0","","","","","","0.0","","1","","33","","36",""
"-114.00","51.11","CALGARY INT'L CS","3031094","2019-04-02","2019","04","02","","9.7","","-4.9","","2.4","","15.6","","0.0","","","","","","0.0","","0","","13","","41",""
"-114.00","51.11","CALGARY INT'L CS","3031094","2019-04-03","2019","04","03","","12.6","","-4.6","","4.0","","14.0","","0.0","","","","","","0.0","","0","","11","","42",""
"-114.00","51.11","CALGARY INT'L CS","3031094","2019-04-04","2019","04","04","","12.1","","1.0","","6.6","","11.4","","0.0","","","","","","0.0","","0","","4","","40",""
"-114.00","51.11","CALGARY INT'L CS","3031094","2019-04-05","2019","04","05","","10.3","","-2.1","","4.1","","13.9","","0.0","","","","","","0.0","","1","","15","","38",""
"-114.00","51.11","CALGARY INT'L CS","3031094","2019-04-06","2019","04","06","","13.3","","-0.6","","6.4","","11.6","","0.0","","","","","","0.0","","0","","27","","68",""
"-114.00","51.11","CALGARY INT'L CS","3031094","2019-04-07","2019","04","07","","13.1","","-0.5","","6.3","","11.7","","0.0","","","","","","0.0","","0","","29","","44",""
"-114.00","51.11","CALGARY INT'L CS","3031094","2019-04-08","2019","04","08","","13.0","","-2.7","","5.1","","12.9","","0.0","","","","","","0.0","","0","","","","",""
"-114.00","51.11","CALGARY INT'L CS","3031094","2019-04-09","2019","04","09","","13.2","","-5.2","","4.0","","14.0","","0.0","","","","","","0.0","","0","","17","","43",""
"-114.00","51.11","CALGARY INT'L CS","3031094","2019-04-10","2019","04","10","","12.1","","1.4","","6.8","","11.2","","0.0","","","","","","0.0","","0","","16","","51",""
"-114.00","51.11","CALGARY INT'L CS","3031094","2019-04-11","2019","04","11","","5.4","","0.3","","2.9","","15.1","","0.0","","","","","","5.9","","0","","35","","39",""
"-114.00","51.11","CALGARY INT'L CS","3031094","2019-04-12","2019","04","12","","7.9","","-1.5","","3.2","","14.8","","0.0","","","","","","0.3","","2","","36","","32",""
"-114.00","51.11","CALGARY INT'L CS","3031094","2019-04-13","2019","04","13","","11.6","","-3.4","","4.1","","13.9","","0.0","","","","","","0.0","","0","","19","","36",""
"-114.00","51.11","CALGARY INT'L CS","3031094","2019-04-14","2019","04","14","","9.7","","-1.1","","4.3","","13.7","","0.0","","","","","","0.0","","0","","33","","50",""
"-114.00","51.11","CALGARY INT'L CS","3031094","2019-04-15","2019","04","15","","9.7","","-4.8","","2.5","","15.5","","0.0","","","","","","0.0","","0","","20","","38",""
"-114.00","51.11","CALGARY INT'L CS","3031094","2019-04-16","2019","04","16","","12.3","","-6.9","","2.7","","15.3","","0.0","","","","","","0.0","","","","","","",""
"-114.00","51.11","CALGARY INT'L CS","3031094","2019-04-17","2019","04","17","","15.1","","0.4","","7.7","","10.3","","0.0","","","","","","0.0","","","","28","","55",""
"-114.00","51.11","CALGARY INT'L CS","3031094","2019-04-18","2019","04","18","","20.4","","-0.4","","10.0","","8.0","","0.0","","","","","","0.0","","","","30","","38",""
"-114.00","51.11","CALGARY INT'L CS","3031094","2019-04-19","2019","04","19","","11.0","","2.3","","6.6","","11.4","","0.0","","","","","","0.0","","","","1","","46",""
"-114.00","51.11","CALGARY INT'L CS","3031094","2019-04-20","2019","04","20","","10.2","","-0.2","","5.0","","13.0","","0.0","","","","","","0.0","","0","","","","",""
"-114.00","51.11","CALGARY INT'L CS","3031094","2019-04-21","2019","04","21","","16.5","","-1.0","","7.7","","10.3","","0.0","","","","","","0.0","","","","16","","34",""
"-114.00","51.11","CALGARY INT'L CS","3031094","2019-04-22","2019","04","22","","20.1","","-2.3","","8.9","","9.1","","0.0","","","","","","0.0","","","","26","","61",""
"-114.00","51.11","CALGARY INT'L CS","3031094","2019-04-23","2019","04","23","","18.1","","1.9","","10.0","","8.0","","0.0","","","","","","0.0","","","","29","","51",""
"-114.00","51.11","CALGARY INT'L CS","3031094","2019-04-24","2019","04","24","","14.5","","-0.3","","7.1","","10.9","","0.0","","","","","","0.0","","","","2","","57",""
"-114.00","51.11","CALGARY INT'L CS","3031094","2019-04-25","2019","04","25","","12.6","","-3.5","","4.5","","13.5","","0.0","","","","","","0.0","","","","20","","36",""
"-114.00","51.11","CALGARY INT'L CS","3031094","2019-04-26","2019","04","26","","9.7","","-0.6","","4.5","","13.5","","0.0","","","","","","0.2","","","","6","","37",""
"-114.00","51.11","CALGARY INT'L CS","3031094","2019-04-27","2019","04","27","","4.8","","-2.6","","1.1","","16.9","","0.0","","","","","","5.9","","","","1","","80",""
"-114.00","51.11","CALGARY INT'L CS","3031094","2019-04-28","2019","04","28","","2.6","","-5.1","","-1.3","","19.3","","0.0","","","","","","1.4","","3","","35","","45",""
"-114.00","51.11","CALGARY INT'L CS","3031094","2019-04-29","2019","04","29","","5.1","","-6.3","","-0.6","","18.6","","0.0","","","","","","0.0","","","","","","",""
"-114.00","51.11","CALGARY INT'L CS","3031094","2019-04-30","2019","04","30","","3.5","","-5.9","","-1.2","","19.2","","0.0","","","","","","0.0","","","","34","","51",""
"-114.00","51.11","CALGARY INT'L CS","3031094","2019-05-01","2019","05","01","","7.1","","-2.7","","2.2","","15.8","","0.0","","","","","","0.0","","","","35","","31",""
"-114.00","51.11","CALGARY INT'L CS","3031094","2019-05-02","2019","05","02","","10.9","","-0.6","","5.2","","12.8","","0.0","","","","","","3.8","","","","1","","49",""
"-114.00","51.11","CALGARY INT'L CS","3031094","2019-05-03","2019","05","03","","8.0","","-0.6","","3.7","","14.3","","0.0","","","","","","0.0","","0","","34","","41",""
"-114.00","51.11","CALGARY INT'L CS","3031094","2019-05-04","2019","05","04","","-0.2","","-2.8","","-1.5","","19.5","","0.0","","","","","","2.7","","","","","","",""
"-114.00","51.11","CALGARY INT'L CS","3031094","2019-05-05","2019","05","05","","2.8","","-3.7","","-0.5","","18.5","","0.0","","","","","","1.1","","3","","","","",""
"-114.00","51.11","CALGARY INT'L CS","3031094","2019-05-06","2019","05","06","","12.0","","-3.7","","4.2","","13.8","","0.0","","","","","","0.0","","","","","","",""
"-114.00","51.11","CALGARY INT'L CS","3031094","2019-05-07","2019","05","07","","10.9","","0.5","","5.7","","12.3","","0.0","","","","","","5.2","","","","35","","47",""
"-114.00","51.11","CALGARY INT'L CS","3031094","2019-05-08","2019","05","08","","12.9","","1.4","","7.1","","10.9","","0.0","","","","","","1.7","","","","1","","42",""
"-114.00","51.11","CALGARY INT'L CS","3031094","2019-05-09","2019","05","09","","17.6","","1.7","","9.7","","8.3","","0.0","","","","","","0.6","","","","","","",""
"-114.00","51.11","CALGARY INT'L CS","3031094","2019-05-10","2019","05","10","","19.2","","4.9","","12.0","","6.0","","0.0","","","","","","0.0","","","","33","","59",""
"-114.00","51.11","CALGARY INT'L CS","3031094","2019-05-11","2019","05","11","","23.7","","0.4","","12.0","","6.0","","0.0","","","","","","0.0","","","","","","",""
"-114.00","51.11","CALGARY INT'L CS","3031094","2019-05-12","2019","05","12","","21.3","","10.7","","16.0","","2.0","","0.0","","","","","","0.0","","","","36","","40",""
"-114.00","51.11","CALGARY INT'L CS","3031094","2019-05-13","2019","05","13","","19.3","","5.4","","12.3","","5.7","","0.0","","","","","","0.0","","","","1","","40",""
"-114.00","51.11","CALGARY INT'L CS","3031094","2019-05-14","2019","05","14","","20.0","","8.2","","14.1","","3.9","","0.0","","","","","","0.4","","","","18","","34",""
"-114.00","51.11","CALGARY INT'L CS","3031094","2019-05-15","2019","05","15","","17.4","","7.8","","12.6","","5.4","","0.0","","","","","","0.2","","","","2","","44",""
"-114.00","51.11","CALGARY INT'L CS","3031094","2019-05-16","2019","05","16","","8.3","","5.5","","6.9","","11.1","","0.0","","","","","","0.2","","","","12","","38",""
"-114.00","51.11","CALGARY INT'L CS","3031094","2019-05-17","2019","05","17","","7.3","","2.5","","4.9","","13.1","","0.0","","","","","","8.4","","","","14","","37",""
"-114.00","51.11","CALGARY INT'L CS","3031094","2019-05-18","2019","05","18","","6.3","","1.9","","4.1","","13.9","","0.0","","","","","","1.8","","","","15","","44",""
"-114.00","51.11","CALGARY INT'L CS","3031094","2019-05-19","2019","05","19","","11.7","","0.8","","6.2","","11.8","","0.0","","","","","","0.0","","","","18","","36",""
"-114.00","51.11","CALGARY INT'L CS","3031094","2019-05-20","2019","05","20","","9.2","","-3.1","","3.1","","14.9","","0.0","","","","","","0.0","","","","17","","39",""
"-114.00","51.11","CALGARY INT'L CS","3031094","2019-05-21","2019","05","21","","7.4","","3.7","","5.6","","12.4","","0.0","","","","","","1.1","","","","","","",""
"-114.00","51.11","CALGARY INT'L CS","3031094","2019-05-22","2019","05","22","","18.1","","2.5","","10.3","","7.7","","0.0","","","","","","2.2","","","","","","",""
"-114.00","51.11","CALGARY INT'L CS","3031094","2019-05-23","2019","05","23","","21.0","","4.4","","12.7","","5.3","","0.0","","","","","","0.0","","","","34","","40",""
"-114.00","51.11","CALGARY INT'L CS","3031094","2019-05-24","2019","05","24","","17.4","","7.0","","12.2","","5.8","","0.0","","","","","","0.0","","","","30","","44",""
"-114.00","51.11","CALGARY INT'L CS","3031094","2019-05-25","2019","05","25","","12.3","","2.9","","7.6","","10.4","","0.0","","","","","","5.1","","","","3","","39",""
"-114.00","51.11","CALGARY INT'L CS","3031094","2019-05-26","2019","05","26","","16.7","","0.5","","8.6","","9.4","","0.0","","","","","","0.2","","","","","","",""
"-114.00","51.11","CALGARY INT'L CS","3031094","2019-05-27","2019","05","27","","19.8","","2.8","","11.3","","6.7","","0.0","","","","","","0.0","","","","16","","33",""
"-114.00","51.11","CALGARY INT'L CS","3031094","2019-05-28","2019","05","28","","22.4","","4.4","","13.4","","4.6","","0.0","","","","","","0.0","","","","","","",""
"-114.00","51.11","CALGARY INT'L CS","3031094","2019-05-29","2019","05","29","","26.4","","4.9","","15.6","","2.4","","0.0","","","","","","0.0","","","","3","","32",""
"-114.00","51.11","CALGARY INT'L CS","3031094","2019-05-30","2019","05","30","","24.6","","10.1","","17.3","","0.7","","0.0","","","","","","0.0","","","","33","","48",""
"-114.00","51.11","CALGARY INT'L CS","3031094","2019-05-31","2019","05","31","","21.8","","9.3","","15.5","","2.5","","0.0","","","","","","0.0","","","","33","","32",""
"-114.00","51.11","CALGARY INT'L CS","3031094","2019-06-01","2019","06","01","","27.2","","6.5","","16.9","","1.1","","0.0","","","","","","0.0","","","","19","","34",""
"-114.00","51.11","CALGARY INT'L CS","3031094","2019-06-02","2019","06","02","","25.8","","8.2","","17.0","","1.0","","0.0","","","","","","0.0","","","","1","","39",""
"-114.00","51.11","CALGARY INT'L CS","3031094","2019-06-03","2019","06","03","","24.5","","11.0","","17.8","","0.2","","0.0","","","","","","0.2","","","","35","","66",""
"-114.00","51.11","CALGARY INT'L CS","3031094","2019-06-04","2019","06","04","","23.3","","8.0","","15.6","","2.4","","0.0","","","","","","0.0","","","","1","","57",""
"-114.00","51.11","CALGARY INT'L CS","3031094","2019-06-05","2019","06","05","","22.8","","5.4","","14.1","","3.9","","0.0","","","","","","0.0","","","","16","","40",""
"-114.00","51.11","CALGARY INT'L CS","3031094","2019-06-06","2019","06","06","","18.0","","6.9","","12.4","","5.6","","0.0","","","","","","3.5","","","","35","","45",""
"-114.00","51.11","CALGARY INT'L CS","3031094","2019-06-07","2019","06","07","","8.3","","2.1","","5.2","","12.8","","0.0","","","","","","14.1","","","","36","","57",""
"-114.00","51.11","CALGARY INT'L CS","3031094","2019-06-08","2019","06","08","","13.9","","3.6","","8.7","","9.3","","0.0","","","","","","3.2","","","","33","","52",""
"-114.00","51.11","CALGARY INT'L CS","3031094","2019-06-09","2019","06","09","","19.4","","2.3","","10.8","","7.2","","0.0","","","","","","0.0","","","","25","","37",""
"-114.00","51.11","CALGARY INT'L CS","3031094","2019-06-10","2019","06","10","","19.5","","5.6","","12.5","","5.5","","0.0","","","","","","0.0","","","","35","","50",""
"-114.00","51.11","CALGARY INT'L CS","3031094","2019-06-11","2019","06","11","","21.2","","5.9","","13.6","","4.4","","0.0","","","","","","0.0","","","","","","",""
"-114.00","51.11","CALGARY INT'L CS","3031094","2019-06-12","2019","06","12","","25.1","","8.0","","16.6","","1.4","","0.0","","","","","","0.0","","","","","","",""
"-114.00","51.11","CALGARY INT'L CS","3031094","2019-06-13","2019","06","13","","27.4","","11.0","","19.2","","0.0","","1.2","","","","","","1.6","","","","1","","61",""
"-114.00","51.11","CALGARY INT'L CS","3031094","2019-06-14","2019","06","14","","18.9","","11.2","","15.0","","3.0","","0.0","","","","","","1.1","","","","34","","50",""
"-114.00","51.11","CALGARY INT'L CS","3031094","2019-06-15","2019","06","15","","21.1","","10.4","","15.7","","2.3","","0.0","","","","","","0.0","","","","34","","33",""
"-114.00","51.11","CALGARY INT'L CS","3031094","2019-06-16","2019","06","16","","22.2","","6.5","","14.4","","3.6","","0.0","","","","","","0.7","","","","34","","54",""
"-114.00","51.11","CALGARY INT'L CS","3031094","2019-06-17","2019","06","17","","24.4","","7.3","","15.8","","2.2","","0.0","","","","","","3.4","","","","32","","50",""
"-114.00","51.11","CALGARY INT'L CS","3031094","2019-06-18","2019","06","18","","20.9","","9.9","","15.4","","2.6","","0.0","","","","","","0.0","","","","34","","50",""
"-114.00","51.11","CALGARY INT'L CS","3031094","2019-06-19","2019","06","19","","15.7","","7.1","","11.4","","6.6","","0.0","","","","","","9.4","","","","33","","53",""
"-114.00","51.11","CALGARY INT'L CS","3031094","2019-06-20","2019","06","20","","12.4","","5.8","","9.1","","8.9","","0.0","","","","","","6.2","","","","35","","48",""
"-114.00","51.11","CALGARY INT'L CS","3031094","2019-06-21","2019","06","21","","12.0","","5.3","","8.7","","9.3","","0.0","","","","","","47.0","","","","35","","57",""
"-114.00","51.11","CALGARY INT'L CS","3031094","2019-06-22","2019","06","22","","19.7","","7.6","","13.7","","4.3","","0.0","","","","","","0.0","","","","1","","47",""
"-114.00","51.11","CALGARY INT'L CS","3031094","2019-06-23","2019","06","23","","17.9","","10.0","","13.9","","4.1","","0.0","","","","","","3.3","","0","","34","","45",""
"-114.00","51.11","CALGARY INT'L CS","3031094","2019-06-24","2019","06","24","","18.4","","8.5","","13.5","","4.5","","0.0","","","","","","0.3","","0","","35","","46",""
"-114.00","51.11","CALGARY INT'L CS","3031094","2019-06-25","2019","06","25","","18.3","","7.4","","12.8","","5.2","","0.0","","","","","","0.3","","0","","32","","52",""
"-114.00","51.11","CALGARY INT'L CS","3031094","2019-06-26","2019","06","26","","20.7","","7.0","","13.9","","4.1","","0.0","","","","","","0.0","","0","","35","","32",""
"-114.00","51.11","CALGARY INT'L CS","3031094","2019-06-27","2019","06","27","","16.3","","8.1","","12.2","","5.8","","0.0","","","","","","22.0","","0","","9","","34",""
"-114.00","51.11","CALGARY INT'L CS","3031094","2019-06-28","2019","06","28","","21.6","","4.5","","13.0","","5.0","","0.0","","","","","","0.2","","","","20","","37",""
"-114.00","51.11","CALGARY INT'L CS","3031094","2019-06-29","2019","06","29","","20.4","","7.0","","13.7","","4.3","","0.0","","","","","","0.4","","0","","30","","52",""
"-114.00","51.11","CALGARY INT'L CS","3031094","2019-06-30","2019","06","30","","20.9","","7.4","","14.2","","3.8","","0.0","","","","","","0.3","","0","","","","",""
"-114.00","51.11","CALGARY INT'L CS","3031094","2019-07-01","2019","07","01","","24.6","","8.2","","16.4","","1.6","","0.0","","","","","","0.0","","","","34","","84",""
"-114.00","51.11","CALGARY INT'L CS","3031094","2019-07-02","2019","07","02","","17.5","","6.9","","12.2","","5.8","","0.0","","","","","","1.8","","0","","","","",""
"-114.00","51.11","CALGARY INT'L CS","3031094","2019-07-03","2019","07","03","","18.3","","6.7","","12.5","","5.5","","0.0","","","","","","0.4","","0","","5","","34",""
"-114.00","51.11","CALGARY INT'L CS","3031094","2019-07-04","2019","07","04","","11.3","","8.6","","9.9","","8.1","","0.0","","","","","","22.4","","0","","","","",""
"-114.00","51.11","CALGARY INT'L CS","3031094","2019-07-05","2019","07","05","","14.3","","8.2","","11.2","","6.8","","0.0","","","","","","2.5","","0","","","","",""
"-114.00","51.11","CALGARY INT'L CS","3031094","2019-07-06","2019","07","06","","22.4","","10.3","","16.4","","1.6","","0.0","","","","","","2.3","","0","","24","","56",""
"-114.00","51.11","CALGARY INT'L CS","3031094","2019-07-07","2019","07","07","","19.8","","8.4","","14.1","","3.9","","0.0","","","","","","2.0","","0","","33","","47",""
"-114.00","51.11","CALGARY INT'L CS","3031094","2019-07-08","2019","07","08","","18.6","","10.1","","14.4","","3.6","","0.0","","","","","","0.0","","0","","","","",""
"-114.00","51.11","CALGARY INT'L CS","3031094","2019-07-09","2019","07","09","","20.7","","10.1","","15.4","","2.6","","0.0","","","","","","0.0","","0","","8","","34",""
"-114.00","51.11","CALGARY INT'L CS","3031094","2019-07-10","2019","07","10","","25.4","","11.6","","18.5","","0.0","","0.5","","","","","","0.0","","0","","23","","40",""
"-114.00","51.11","CALGARY INT'L CS","3031094","2019-07-11","2019","07","11","","21.8","","9.2","","15.5","","2.5","","0.0","","","","","","0.0","","","","6","","34",""
"-114.00","51.11","CALGARY INT'L CS","3031094","2019-07-12","2019","07","12","","24.6","","11.0","","17.8","","0.2","","0.0","","","","","","0.2","","0","","10","","33",""
"-114.00","51.11","CALGARY INT'L CS","3031094","2019-07-13","2019","07","13","","24.2","","12.1","","18.1","","0.0","","0.1","","","","","","0.2","","","","33","","70",""
"-114.00","51.11","CALGARY INT'L CS","3031094","2019-07-14","2019","07","14","","22.8","","9.2","","16.0","","2.0","","0.0","","","","","","1.0","","0","","32","","58",""
"-114.00","51.11","CALGARY INT'L CS","3031094","2019-07-15","2019","07","15","","21.0","","8.4","","14.7","","3.3","","0.0","","","","","","0.4","","0","","","","",""
"-114.00","51.11","CALGARY INT'L CS","3031094","2019-07-16","2019","07","16","","19.0","","11.3","","15.2","","2.8","","0.0","","","","","","19.9","","0","","31","","40",""
"-114.00","51.11","CALGARY INT'L CS","3031094","2019-07-17","2019","07","17","","22.2","","7.6","","14.9","","3.1","","0.0","","","","","","6.2","","0","","27","","42",""
"-114.00","51.11","CALGARY INT'L CS","3031094","2019-07-18","2019","07","18","","18.9","","8.9","","13.9","","4.1","","0.0","","","","","","0.2","","0","","32","","51",""
"-114.00","51.11","CALGARY INT'L CS","3031094","2019-07-19","2019","07","19","","14.7","","6.5","","10.6","","7.4","","0.0","","","","","","1.8","","0","","33","","49",""
"-114.00","51.11","CALGARY INT'L CS","3031094","2019-07-20","2019","07","20","","19.0","","9.9","","14.5","","3.5","","0.0","","","","","","6.7","","0","","35","","38",""
"-114.00","51.11","CALGARY INT'L CS","3031094","2019-07-21","2019","07","21","","21.3","","6.4","","13.9","","4.1","","0.0","","","","","","0.7","","0","","14","","46",""
"-114.00","51.11","CALGARY INT'L CS","3031094","2019-07-22","2019","07","22","","25.3","","8.1","","16.7","","1.3","","0.0","","","","","","0.4","","0","","","","",""
"-114.00","51.11","CALGARY INT'L CS","3031094","2019-07-23","2019","07","23","","29.5","","13.1","","21.3","","0.0","","3.3","","","","","","0.0","","0","","3","","37",""
"-114.00","51.11","CALGARY INT'L CS","3031094","2019-07-24","2019","07","24","","23.4","","13.4","","18.4","","0.0","","0.4","","","","","","1.3","","0","","27","","72",""
"-114.00","51.11","CALGARY INT'L CS","3031094","2019-07-25","2019","07","25","","25.1","","13.5","","19.3","","0.0","","1.3","","","","","","0.0","","","","26","","53",""
"-114.00","51.11","CALGARY INT'L CS","3031094","2019-07-26","2019","07","26","","27.0","","8.6","","17.8","","0.2","","0.0","","","","","","0.2","","","","14","","32",""
"-114.00","51.11","CALGARY INT'L CS","3031094","2019-07-27","2019","07","27","","28.5","","13.7","","21.1","","0.0","","3.1","","","","","","0.2","","","","32","","80",""
"-114.00","51.11","CALGARY INT'L CS","3031094","2019-07-28","2019","07","28","","21.6","","10.7","","16.2","","1.8","","0.0","","","","","","0.0","","","","33","","38",""
"-114.00","51.11","CALGARY INT'L CS","3031094","2019-07-29","2019","07","29","","23.2","","8.2","","15.7","","2.3","","0.0","","","","","","0.2","","","","","","",""
"-114.00","51.11","CALGARY INT'L CS","3031094","2019-07-30","2019","07","30","","25.9","","9.8","","17.9","","0.1","","0.0","","","","","","0.9","","","","3","","51",""
"-114.00","51.11","CALGARY INT'L CS","3031094","2019-07-31","2019","07","31","","25.0","","8.9","","17.0","","1.0","","0.0","","","","","","0.2","","","","14","","35",""
"-114.00","51.11","CALGARY INT'L CS","3031094","2019-08-01","2019","08","01","","26.0","","11.7","","18.9","","0.0","","0.9","","","","","","0.5","","","","34","","41",""
"-114.00","51.11","CALGARY INT'L CS","3031094","2019-08-02","2019","08","02","","30.5","","10.1","","20.3","","0.0","","2.3","","","","","","0.7","","","","20","","50",""
"-114.00","51.11","CALGARY INT'L CS","3031094","2019-08-03","2019","08","03","","24.4","","12.3","","18.4","","0.0","","0.4","","","","","","0.4","","","","1","","47",""
"-114.00","51.11","CALGARY INT'L CS","3031094","2019-08-04","2019","08","04","","24.2","","9.8","","17.0","","1.0","","0.0","","","","","","0.4","","","","","","",""
"-114.00","51.11","CALGARY INT'L CS","3031094","2019-08-05","2019","08","05","","26.2","","8.9","","17.5","","0.5","","0.0","","","","","","0.2","","","","32","","37",""
"-114.00","51.11","CALGARY INT'L CS","3031094","2019-08-06","2019","08","06","","20.4","","11.4","","15.9","","2.1","","0.0","","","","","","4.0","","","","5","","36",""
"-114.00","51.11","CALGARY INT'L CS","3031094","2019-08-07","2019","08","07","","22.9","","10.6","","16.8","","1.2","","0.0","","","","","","0.6","","","","","","",""
"-114.00","51.11","CALGARY INT'L CS","3031094","2019-08-08","2019","08","08","","28.5","","11.5","","20.0","","0.0","","2.0","","","","","","0.0","","","","","","",""
"-114.00","51.11","CALGARY INT'L CS","3031094","2019-08-09","2019","08","09","","17.7","","10.6","","14.1","","3.9","","0.0","","","","","","0.4","","","","34","","37",""
"-114.00","51.11","CALGARY INT'L CS","3031094","2019-08-10","2019","08","10","","14.1","","10.0","","12.0","","6.0","","0.0","","","","","","0.3","","","","","","",""
"-114.00","51.11","CALGARY INT'L CS","3031094","2019-08-11","2019","08","11","","17.0","","9.6","","13.3","","4.7","","0.0","","","","","","1.1","","","","","","",""
"-114.00","51.11","CALGARY INT'L CS","3031094","2019-08-12","2019","08","12","","14.2","","11.6","","12.9","","5.1","","0.0","","","","","","1.2","","","","","","",""
"-114.00","51.11","CALGARY INT'L CS","3031094","2019-08-13","2019","08","13","","20.4","","11.6","","16.0","","2.0","","0.0","","","","","","8.7","","","","31","","52",""
"-114.00","51.11","CALGARY INT'L CS","3031094","2019-08-14","2019","08","14","","22.0","","9.3","","15.6","","2.4","","0.0","","","","","","2.1","","","","35","","54",""
"-114.00","51.11","CALGARY INT'L CS","3031094","2019-08-15","2019","08","15","","24.4","","9.7","","17.1","","0.9","","0.0","","","","","","0.3","","","","27","","39",""
"-114.00","51.11","CALGARY INT'L CS","3031094","2019-08-16","2019","08","16","","18.4","","8.4","","13.4","","4.6","","0.0","","","","","","8.9","","","","34","","54",""
"-114.00","51.11","CALGARY INT'L CS","3031094","2019-08-17","2019","08","17","","18.2","","4.8","","11.5","","6.5","","0.0","","","","","","0.4","","","","","","",""
"-114.00","51.11","CALGARY INT'L CS","3031094","2019-08-18","2019","08","18","","24.5","","10.6","","17.5","","0.5","","0.0","","","","","","0.2","","","","8","","33",""
"-114.00","51.11","CALGARY INT'L CS","3031094","2019-08-19","2019","08","19","","19.3","","7.2","","13.3","","4.7","","0.0","","","","","","0.4","","","","36","","32",""
"-114.00","51.11","CALGARY INT'L CS","3031094","2019-08-20","2019","08","20","","25.3","","8.5","","16.9","","1.1","","0.0","","","","","","0.2","","","","14","","35",""
"-114.00","51.11","CALGARY INT'L CS","3031094","2019-08-21","2019","08","21","","31.3","","11.0","","21.2","","0.0","","3.2","","","","","","0.8","","","","17","","45",""
"-114.00","51.11","CALGARY INT'L CS","3031094","2019-08-22","2019","08","22","","20.5","","11.4","","15.9","","2.1","","0.0","","","","","","11.4","","","","2","","40",""
"-114.00","51.11","CALGARY INT'L CS","3031094","2019-08-23","2019","08","23","","24.5","","10.7","","17.6","","0.4","","0.0","","","","","","0.3","","","","18","","42",""
"-114.00","51.11","CALGARY INT'L CS","3031094","2019-08-24","2019","08","24","","22.8","","8.6","","15.7","","2.3","","0.0","","","","","","0.2","","","","35","","58",""
"-114.00","51.11","CALGARY INT'L CS","3031094","2019-08-25","2019","08","25","","18.2","","6.8","","12.5","","5.5","","0.0","","","","","","0.6","","","","34","","41",""
"-114.00","51.11","CALGARY INT'L CS","3031094","2019-08-26","2019","08","26","","17.0","","7.7","","12.3","","5.7","","0.0","","","","","","0.3","","","","28","","54",""
"-114.00","51.11","CALGARY INT'L CS","3031094","2019-08-27","2019","08","27","","22.9","","3.1","","13.0","","5.0","","0.0","","","","","","0.6","","","","","","",""
"-114.00","51.11","CALGARY INT'L CS","3031094","2019-08-28","2019","08","28","","18.4","","12.3","","15.3","","2.7","","0.0","","","","","","0.3","","","","35","","31",""
"-114.00","51.11","CALGARY INT'L CS","3031094","2019-08-29","2019","08","29","","20.9","","10.2","","15.5","","2.5","","0.0","","","","","","0.4","","","","10","","39",""
"-114.00","51.11","CALGARY INT'L CS","3031094","2019-08-30","2019","08","30","","20.7","","6.9","","13.8","","4.2","","0.0","","","","","","0.7","","","","35","","32",""
"-114.00","51.11","CALGARY INT'L CS","3031094","2019-08-31","2019","08","31","","18.5","","6.4","","12.4","","5.6","","0.0","","","","","","4.7","","","","","","",""
"-114.00","51.11","CALGARY INT'L CS","3031094","2019-09-01","2019","09","01","","16.4","","11.0","","13.7","","4.3","","0.0","","","","","","3.2","","","","33","","46",""
"-114.00","51.11","CALGARY INT'L CS","3031094","2019-09-02","2019","09","02","","21.0","","10.1","","15.5","","2.5","","0.0","","","","","","2.3","","","","33","","41",""
"-114.00","51.11","CALGARY INT'L CS","3031094","2019-09-03","2019","09","03","","25.0","","5.5","","15.2","","2.8","","0.0","","","","","","0.7","","","","","","",""
"-114.00","51.11","CALGARY INT'L CS","3031094","2019-09-04","2019","09","04","","24.6","","9.7","","17.1","","0.9","","0.0","","","","","","0.2","","","","31","","47",""
"-114.00","51.11","CALGARY INT'L CS","3031094","2019-09-05","2019","09","05","","21.9","","8.4","","15.1","","2.9","","0.0","","","","","","0.6","","","","2","","42",""
"-114.00","51.11","CALGARY INT'L CS","3031094","2019-09-06","2019","09","06","","19.2","","7.1","","13.1","","4.9","","0.0","","","","","","0.3","","","","15","","32",""
"-114.00","51.11","CALGARY INT'L CS","3031094","2019-09-07","2019","09","07","","25.2","","10.7","","18.0","","0.0","","0.0","","","","","","0.2","","","","16","","31",""
"-114.00","51.11","CALGARY INT'L CS","3031094","2019-09-08","2019","09","08","","15.9","","11.2","","13.6","","4.4","","0.0","","","","","","0.2","","","","35","","34",""
"-114.00","51.11","CALGARY INT'L CS","3031094","2019-09-09","2019","09","09","","11.4","","6.9","","9.2","","8.8","","0.0","","","","","","7.4","","","","","","",""
"-114.00","51.11","CALGARY INT'L CS","3031094","2019-09-10","2019","09","10","","9.4","","5.9","","7.6","","10.4","","0.0","","","","","","6.0","","","","","","",""
"-114.00","51.11","CALGARY INT'L CS","3031094","2019-09-11","2019","09","11","","16.0","","6.4","","11.2","","6.8","","0.0","","","","","","0.2","","","","","","",""
"-114.00","51.11","CALGARY INT'L CS","3031094","2019-09-12","2019","09","12","","21.3","","4.1","","12.7","","5.3","","0.0","","","","","","0.6","","","","","","",""
"-114.00","51.11","CALGARY INT'L CS","3031094","2019-09-13","2019","09","13","","","M","","M","","M","","M","","M","","","","","","M","","","","M","","M"
"-114.00","51.11","CALGARY INT'L CS","3031094","2019-09-14","2019","09","14","","20.1","","6.3","","13.2","","4.8","","0.0","","","","","","0.0","","","","","","",""
"-114.00","51.11","CALGARY INT'L CS","3031094","2019-09-15","2019","09","15","","23.4","","11.7","","17.6","","0.4","","0.0","","","","","","0.0","","","","18","","37",""
"-114.00","51.11","CALGARY INT'L CS","3031094","2019-09-16","2019","09","16","","20.1","","8.5","","14.3","","3.7","","0.0","","","","","","0.0","","","","6","","33",""
"-114.00","51.11","CALGARY INT'L CS","3031094","2019-09-17","2019","09","17","","17.5","","7.9","","12.7","","5.3","","0.0","","","","","","0.0","","","","28","","31",""
"-114.00","51.11","CALGARY INT'L CS","3031094","2019-09-18","2019","09","18","","16.7","","3.2","","9.9","","8.1","","0.0","","","","","","0.8","","","","34","","33",""
"-114.00","51.11","CALGARY INT'L CS","3031094","2019-09-19","2019","09","19","","15.3","","7.3","","11.3","","6.7","","0.0","","","","","","9.9","","","","","","",""
"-114.00","51.11","CALGARY INT'L CS","3031094","2019-09-20","2019","09","20","","15.4","","6.5","","11.0","","7.0","","0.0","","","","","","0.0","","","","34","","36",""
"-114.00","51.11","CALGARY INT'L CS","3031094","2019-09-21","2019","09","21","","19.7","","2.1","","10.9","","7.1","","0.0","","","","","","0.0","","","","","","",""
"-114.00","51.11","CALGARY INT'L CS","3031094","2019-09-22","2019","09","22","","22.5","","5.5","","14.0","","4.0","","0.0","","","","","","0.0","","","","30","","43",""
"-114.00","51.11","CALGARY INT'L CS","3031094","2019-09-23","2019","09","23","","15.7","","5.6","","10.7","","7.3","","0.0","","","","","","0.0","","","","36","","40",""
"-114.00","51.11","CALGARY INT'L CS","3031094","2019-09-24","2019","09","24","","15.2","","3.9","","9.5","","8.5","","0.0","","","","","","0.0","","","","3","","43",""
"-114.00","51.11","CALGARY INT'L CS","3031094","2019-09-25","2019","09","25","","16.3","","3.1","","9.7","","8.3","","0.0","","","","","","0.0","","","","27","","42",""
"-114.00","51.11","CALGARY INT'L CS","3031094","2019-09-26","2019","09","26","","10.5","","2.5","","6.5","","11.5","","0.0","","","","","","0.8","","","","35","","54",""
"-114.00","51.11","CALGARY INT'L CS","3031094","2019-09-27","2019","09","27","","4.3","","-2.6","","0.8","","17.2","","0.0","","","","","","2.7","","","","3","","43",""
"-114.00","51.11","CALGARY INT'L CS","3031094","2019-09-28","2019","09","28","","-0.9","","-3.5","","-2.2","","20.2","","0.0","","","","","","2.1","","1","","1","","31",""
"-114.00","51.11","CALGARY INT'L CS","3031094","2019-09-29","2019","09","29","","-1.5","","-3.0","","-2.2","","20.2","","0.0","","","","","","10.4","","9","","36","","40",""
"-114.00","51.11","CALGARY INT'L CS","3031094","2019-09-30","2019","09","30","","1.8","","-4.0","","-1.1","","19.1","","0.0","","","","","","2.3","","11","","","","",""
"-114.00","51.11","CALGARY INT'L CS","3031094","2019-10-01","2019","10","01","","4.0","","-8.7","","-2.4","","20.4","","0.0","","","","","","0.0","","4","","","","",""
"-114.00","51.11","CALGARY INT'L CS","3031094","2019-10-02","2019","10","02","","9.9","","-4.8","","2.5","","15.5","","0.0","","","","","","0.0","","3","","","","",""
"-114.00","51.11","CALGARY INT'L CS","3031094","2019-10-03","2019","10","03","","10.2","","-5.2","","2.5","","15.5","","0.0","","","","","","0.0","","","","","","",""
"-114.00","51.11","CALGARY INT'L CS","3031094","2019-10-04","2019","10","04","","14.2","","-2.3","","6.0","","12.0","","0.0","","","","","","0.0","","","","28","","44",""
"-114.00","51.11","CALGARY INT'L CS","3031094","2019-10-05","2019","10","05","","13.6","","3.6","","8.6","","9.4","","0.0","","","","","","0.0","","","","27","","48",""
"-114.00","51.11","CALGARY INT'L CS","3031094","2019-10-06","2019","10","06","","17.0","","5.3","","11.1","","6.9","","0.0","","","","","","0.0","","","","29","","46",""
"-114.00","51.11","CALGARY INT'L CS","3031094","2019-10-07","2019","10","07","","17.8","","0.2","","9.0","","9.0","","0.0","","","","","","0.0","","0","","11","","73",""
"-114.00","51.11","CALGARY INT'L CS","3031094","2019-10-08","2019","10","08","","2.3","","-7.0","","-2.4","","20.4","","0.0","","","","","","2.5","","4","","2","","48",""
"-114.00","51.11","CALGARY INT'L CS","3031094","2019-10-09","2019","10","09","","-2.7","","-10.0","","-6.4","","24.4","","0.0","","","","","","0.0","","4","","","","",""
"-114.00","51.11","CALGARY INT'L CS","3031094","2019-10-10","2019","10","10","","3.3","","-12.4","","-4.5","","22.5","","0.0","","","","","","0.0","","3","","","","",""
"-114.00","51.11","CALGARY INT'L CS","3031094","2019-10-11","2019","10","11","","6.7","","-8.2","","-0.8","","18.8","","0.0","","","","","","0.0","","","","","","",""
"-114.00","51.11","CALGARY INT'L CS","3031094","2019-10-12","2019","10","12","","12.7","","-6.7","","3.0","","15.0","","0.0","","","","","","0.0","","","","","","",""
"-114.00","51.11","CALGARY INT'L CS","3031094","2019-10-13","2019","10","13","","8.5","","-0.9","","3.8","","14.2","","0.0","","","","","","0.0","","1","","","","",""
"-114.00","51.11","CALGARY INT'L CS","3031094","2019-10-14","2019","10","14","","5.4","","-3.9","","0.8","","17.2","","0.0","","","","","","0.0","","0","","35","","53",""
"-114.00","51.11","CALGARY INT'L CS","3031094","2019-10-15","2019","10","15","","10.7","","-5.2","","2.7","","15.3","","0.0","","","","","","0.0","","2","","28","","47",""
"-114.00","51.11","CALGARY INT'L CS","3031094","2019-10-16","2019","10","16","","18.6","","3.8","","11.2","","6.8","","0.0","","","","","","0.0","","0","","28","","41",""
"-114.00","51.11","CALGARY INT'L CS","3031094","2019-10-17","2019","10","17","","14.8","","0.7","","7.7","","10.3","","0.0","","","","","","0.0","","1","","29","","58",""
"-114.00","51.11","CALGARY INT'L CS","3031094","2019-10-18","2019","10","18","","11.8","","-2.2","","4.8","","13.2","","0.0","","","","","","0.0","","1","","30","","49",""
"-114.00","51.11","CALGARY INT'L CS","3031094","2019-10-19","2019","10","19","","","M","","M","","M","","M","","M","","","","","","M","0","","","M","","M"
"-114.00","51.11","CALGARY INT'L CS","3031094","2019-10-20","2019","10","20","","","M","","M","","M","","M","","M","","","","","","M","0","","","M","","M"
"-114.00","51.11","CALGARY INT'L CS","3031094","2019-10-21","2019","10","21","","","M","","M","","M","","M","","M","","","","","","M","1","","","M","","M"
"-114.00","51.11","CALGARY INT'L CS","3031094","2019-10-22","2019","10","22","","13.5","","-4.0","","4.7","","13.3","","0.0","","","","","","0.0","","0","","27","","52",""
"-114.00","51.11","CALGARY INT'L CS","3031094","2019-10-23","2019","10","23","","6.1","","-2.5","","1.8","","16.2","","0.0","","","","","","0.0","","","","32","","59",""
"-114.00","51.11","CALGARY INT'L CS","3031094","2019-10-24","2019","10","24","","15.5","","-1.8","","6.9","","11.1","","0.0","","","","","","0.0","","","","27","","47",""
"-114.00","51.11","CALGARY INT'L CS","3031094","2019-10-25","2019","10","25","","18.1","","0.6","","9.4","","8.6","","0.0","","","","","","0.0","","","","24","","87",""
"-114.00","51.11","CALGARY INT'L CS","3031094","2019-10-26","2019","10","26","","0.8","","-5.4","","-2.3","","20.3","","0.0","","","","","","0.2","","","","32","","67",""
"-114.00","51.11","CALGARY INT'L CS","3031094","2019-10-27","2019","10","27","","3.0","","-6.5","","-1.7","","19.7","","0.0","","","","","","0.3","","0","","33","","48",""
"-114.00","51.11","CALGARY INT'L CS","3031094","2019-10-28","2019","10","28","","-2.8","","-13.2","","-8.0","","26.0","","0.0","","","","","","1.1","","4","","36","","64",""
"-114.00","51.11","CALGARY INT'L CS","3031094","2019-10-29","2019","10","29","","-2.8","","-18.6","","-10.7","","28.7","","0.0","","","","","","0.2","","2","","","","",""
"-114.00","51.11","CALGARY INT'L CS","3031094","2019-10-30","2019","10","30","","8.6","","-12.9","","-2.2","","20.2","","0.0","","","","","","0.0","","3","","","","",""
"-114.00","51.11","CALGARY INT'L CS","3031094","2019-10-31","2019","10","31","","4.3","","-3.5","","0.4","","17.6","","0.0","","","","","","0.0","","","","34","","45",""
"-114.00","51.11","CALGARY INT'L CS","3031094","2019-11-01","2019","11","01","","6.4","","-7.1","","-0.4","","18.4","","0.0","","","","","","0.0","","0","","","","",""
"-114.00","51.11","CALGARY INT'L CS","3031094","2019-11-02","2019","11","02","","8.5","","-4.5","","2.0","","16.0","","0.0","","","","","","0.2","","","","34","","36",""
"-114.00","51.11","CALGARY INT'L CS","3031094","2019-11-03","2019","11","03","","3.2","","-2.4","","0.4","","17.6","","0.0","","","","","","3.6","","","","34","","36",""
"-114.00","51.11","CALGARY INT'L CS","3031094","2019-11-04","2019","11","04","","-0.2","","-2.9","","-1.5","","19.5","","0.0","","","","","","1.3","","4","","","","",""
"-114.00","51.11","CALGARY INT'L CS","3031094","2019-11-05","2019","11","05","","0.9","","-11.5","","-5.3","","23.3","","0.0","","","","","","2.5","","2","","2","","47",""
"-114.00","51.11","CALGARY INT'L CS","3031094","2019-11-06","2019","11","06","","-4.4","","-16.4","","-10.4","","28.4","","0.0","","","","","","0.2","","6","","","","",""
"-114.00","51.11","CALGARY INT'L CS","3031094","2019-11-07","2019","11","07","","8.3","","-13.7","","-2.7","","20.7","","0.0","","","","","","0.0","","6","","28","","33",""
"-114.00","51.11","CALGARY INT'L CS","3031094","2019-11-08","2019","11","08","","11.9","","2.0","","7.0","","11.0","","0.0","","","","","","0.0","","3","","27","","42",""
"-114.00","51.11","CALGARY INT'L CS","3031094","2019-11-09","2019","11","09","","2.5","","-10.9","","-4.2","","22.2","","0.0","","","","","","0.3","","0","","2","","45",""
"-114.00","51.11","CALGARY INT'L CS","3031094","2019-11-10","2019","11","10","","-10.8","","-18.5","","-14.6","","32.6","","0.0","","","","","","3.7","","8","","","","",""
"-114.00","51.11","CALGARY INT'L CS","3031094","2019-11-11","2019","11","11","","5.9","","-18.4","","-6.3","","24.3","","0.0","","","","","","0.0","","7","","31","","37",""
"-114.00","51.11","CALGARY INT'L CS","3031094","2019-11-12","2019","11","12","","6.2","","-1.8","","2.2","","15.8","","0.0","","","","","","0.0","","6","","29","","37",""
"-114.00","51.11","CALGARY INT'L CS","3031094","2019-11-13","2019","11","13","","","M","","M","","M","","M","","M","","","","","","M","3","","","M","","M"
"-114.00","51.11","CALGARY INT'L CS","3031094","2019-11-14","2019","11","14","","","M","","M","","M","","M","","M","","","","","","M","","","","M","","M"
"-114.00","51.11","CALGARY INT'L CS","3031094","2019-11-15","2019","11","15","","","M","","M","","M","","M","","M","","","","","","M","0","","","M","","M"
"-114.00","51.11","CALGARY INT'L CS","3031094","2019-11-16","2019","11","16","","8.2","","-1.0","","3.6","","14.4","","0.0","","","","","","0.0","","0","","34","","32",""
"-114.00","51.11","CALGARY INT'L CS","3031094","2019-11-17","2019","11","17","","14.5","","0.6","","7.5","","10.5","","0.0","","","","","","0.2","","0","","27","","81",""
"-114.00","51.11","CALGARY INT'L CS","3031094","2019-11-18","2019","11","18","","9.2","","-0.5","","4.3","","13.7","","0.0","","","","","","0.0","","","","","","",""
"-114.00","51.11","CALGARY INT'L CS","3031094","2019-11-19","2019","11","19","","2.4","","-1.5","","0.5","","17.5","","0.0","","","","","","11.3","","2","","","","",""
"-114.00","51.11","CALGARY INT'L CS","3031094","2019-11-20","2019","11","20","","","M","","M","","M","","M","","M","","","","","","M","17","","","M","","M"
"-114.00","51.11","CALGARY INT'L CS","3031094","2019-11-21","2019","11","21","","5.7","","-11.4","","-2.9","","20.9","","0.0","","","","","","0.0","","12","","","","",""
"-114.00","51.11","CALGARY INT'L CS","3031094","2019-11-22","2019","11","22","","9.6","","-4.9","","2.4","","15.6","","0.0","","","","","","0.0","","12","","27","","44",""
"-114.00","51.11","CALGARY INT'L CS","3031094","2019-11-23","2019","11","23","","10.4","","1.1","","5.8","","12.2","","0.0","","","","","","0.0","","5","","28","","58",""
"-114.00","51.11","CALGARY INT'L CS","3031094","2019-11-24","2019","11","24","","6.9","","-1.5","","2.7","","15.3","","0.0","","","","","","0.4","","","","30","","59",""
"-114.00","51.11","CALGARY INT'L CS","3031094","2019-11-25","2019","11","25","","0.6","","-8.0","","-3.7","","21.7","","0.0","","","","","","0.0","","0","","36","","44",""
"-114.00","51.11","CALGARY INT'L CS","3031094","2019-11-26","2019","11","26","","-4.0","","-8.0","","-6.0","","24.0","","0.0","","","","","","0.6","","0","","36","","32",""
"-114.00","51.11","CALGARY INT'L CS","3031094","2019-11-27","2019","11","27","","-7.8","","-14.2","","-11.0","","29.0","","0.0","","","","","","2.9","","1","","1","","43",""
"-114.00","51.11","CALGARY INT'L CS","3031094","2019-11-28","2019","11","28","","-12.6","","-20.6","","-16.6","","34.6","","0.0","","","","","","0.6","","7","","","","",""
"-114.00","51.11","CALGARY INT'L CS","3031094","2019-11-29","2019","11","29","","-9.0","","-22.6","","-15.8","","33.8","","0.0","","","","","","0.3","","7","","","","",""
"-114.00","51.11","CALGARY INT'L CS","3031094","2019-11-30","2019","11","30","","-9.8","","-21.6","","-15.7","","33.7","","0.0","","","","","","0.0","","7","","","","",""
"-114.00","51.11","CALGARY INT'L CS","3031094","2019-12-01","2019","12","01","","3.4","","-15.9","","-6.2","","24.2","","0.0","","","","","","0.0","","6","","30","","41",""
"-114.00","51.11","CALGARY INT'L CS","3031094","2019-12-02","2019","12","02","","4.2","","-0.2","","2.0","","16.0","","0.0","","","","","","0.0","","6","","29","","51",""
"-114.00","51.11","CALGARY INT'L CS","3031094","2019-12-03","2019","12","03","","9.2","","-4.7","","2.2","","15.8","","0.0","","","","","","0.0","","5","","27","","48",""
"-114.00","51.11","CALGARY INT'L CS","3031094","2019-12-04","2019","12","04","","-2.2","","-8.5","","-5.4","","23.4","","0.0","","","","","","0.6","","4","","34","","57",""
"-114.00","51.11","CALGARY INT'L CS","3031094","2019-12-05","2019","12","05","","-2.5","","-11.8","","-7.2","","25.2","","0.0","","","","","","0.0","","4","","","","",""
"-114.00","51.11","CALGARY INT'L CS","3031094","2019-12-06","2019","12","06","","-0.2","","-12.8","","-6.5","","24.5","","0.0","","","","","","0.0","","4","","","","",""
"-114.00","51.11","CALGARY INT'L CS","3031094","2019-12-07","2019","12","07","","-0.6","","-10.1","","-5.4","","23.4","","0.0","","","","","","0.1","","5","","35","","44",""
"-114.00","51.11","CALGARY INT'L CS","3031094","2019-12-08","2019","12","08","","-5.9","","-19.0","","-12.5","","30.5","","0.0","","","","","","2.0","","10","","","","",""
"-114.00","51.11","CALGARY INT'L CS","3031094","2019-12-09","2019","12","09","","-1.2","","-8.5","","-4.8","","22.8","","0.0","","","","","","1.9","","7","","","","",""
"-114.00","51.11","CALGARY INT'L CS","3031094","2019-12-10","2019","12","10","","-2.3","","-13.5","","-7.9","","25.9","","0.0","","","","","","0.0","","10","","17","","32",""
"-114.00","51.11","CALGARY INT'L CS","3031094","2019-12-11","2019","12","11","","-6.9","","-13.0","","-10.0","","28.0","","0.0","","","","","","2.4","","8","","","","",""
"-114.00","51.11","CALGARY INT'L CS","3031094","2019-12-12","2019","12","12","","-5.9","","-14.0","","-9.9","","27.9","","0.0","","","","","","0.0","","12","","","","",""
"-114.00","51.11","CALGARY INT'L CS","3031094","2019-12-13","2019","12","13","","-10.4","","-14.6","","-12.5","","30.5","","0.0","","","","","","0.0","","11","","","","",""
"-114.00","51.11","CALGARY INT'L CS","3031094","2019-12-14","2019","12","14","","-2.8","","-16.0","","-9.4","","27.4","","0.0","","","","","","0.0","","10","","","","",""
"-114.00","51.11","CALGARY INT'L CS","3031094","2019-12-15","2019","12","15","","-2.1","","-16.2","","-9.2","","27.2","","0.0","","","","","","0.0","","10","","","","",""
"-114.00","51.11","CALGARY INT'L CS","3031094","2019-12-16","2019","12","16","","0.8","","-13.4","","-6.3","","24.3","","0.0","","","","","","0.0","","9","","28","","49",""
"-114.00","51.11","CALGARY INT'L CS","3031094","2019-12-17","2019","12","17","","7.8","","-1.0","","3.4","","14.6","","0.0","","","","","","0.0","","8","","28","","45",""
"-114.00","51.11","CALGARY INT'L CS","3031094","2019-12-18","2019","12","18","","6.7","","-5.0","","0.9","","17.1","","0.0","","","","","","0.1","","7","","29","","47",""
"-114.00","51.11","CALGARY INT'L CS","3031094","2019-12-19","2019","12","19","","3.6","","-5.8","","-1.1","","19.1","","0.0","","","","","","0.3","","6","","24","","61",""
"-114.00","51.11","CALGARY INT'L CS","3031094","2019-12-20","2019","12","20","","5.6","","-2.2","","1.7","","16.3","","0.0","","","","","","1.5","","6","","18","","46",""
"-114.00","51.11","CALGARY INT'L CS","3031094","2019-12-21","2019","12","21","","1.0","","-3.5","","-1.3","","19.3","","0.0","","","","","","0.9","","6","","1","","31",""
"-114.00","51.11","CALGARY INT'L CS","3031094","2019-12-22","2019","12","22","","-0.5","","-7.9","","-4.2","","22.2","","0.0","","","","","","2.7","","9","","","","",""
"-114.00","51.11","CALGARY INT'L CS","3031094","2019-12-23","2019","12","23","","-1.5","","-14.0","","-7.7","","25.7","","0.0","","","","","","0.5","","11","","","","",""
"-114.00","51.11","CALGARY INT'L CS","3031094","2019-12-24","2019","12","24","","-8.1","","-16.0","","-12.1","","30.1","","0.0","","","","","","0.0","","10","","","","",""
"-114.00","51.11","CALGARY INT'L CS","3031094","2019-12-25","2019","12","25","","-3.9","","-17.1","","-10.5","","28.5","","0.0","","","","","","0.0","","10","","","","",""
"-114.00","51.11","CALGARY INT'L CS","3031094","2019-12-26","2019","12","26","","-2.1","","-16.9","","-9.5","","27.5","","0.0","","","","","","0.0","","9","","","","",""
"-114.00","51.11","CALGARY INT'L CS","3031094","2019-12-27","2019","12","27","","0.2","","-11.6","","-5.7","","23.7","","0.0","","","","","","0.0","","10","","30","","46",""
"-114.00","51.11","CALGARY INT'L CS","3031094","2019-12-28","2019","12","28","","-2.9","","-15.2","","-9.1","","27.1","","0.0","","","","","","0.0","","8","","","","",""
"-114.00","51.11","CALGARY INT'L CS","3031094","2019-12-29","2019","12","29","","2.3","","-10.7","","-4.2","","22.2","","0.0","","","","","","0.0","","9","","","","",""
"-114.00","51.11","CALGARY INT'L CS","3031094","2019-12-30","2019","12","30","","6.7","","-12.4","","-2.8","","20.8","","0.0","","","","","","0.1","","9","","27","","50",""
"-114.00","51.11","CALGARY INT'L CS","3031094","2019-12-31","2019","12","31","","5.8","","1.3","","3.5","","14.5","","0.0","","","","","","0.3","","8","","28","","55",""
